source_id,input_url,normalized_url,domain,scheme,homepage_url,robots_url,robots_ok,robots_sitemaps,robots_disallow_detected,robots_can_fetch_homepage,has_known_api,known_api_adapter,known_api_endpoint_hint,has_rss,rss_urls,rss_valid_count,has_sitemap,sitemap_urls,sitemap_url_count,html_status_code,html_title,html_text_length,html_link_count,html_extract_ok,sample_extracted_text_length,js_required,paywall_detected,captcha_detected,login_detected,best_strategy,tos_risk,status,error_message,profiled_at
aljazeera_com,https://www.aljazeera.com,https://www.aljazeera.com/,aljazeera.com,https,https://www.aljazeera.com/,https://www.aljazeera.com/robots.txt,True,"[""https://www.aljazeera.com/news-sitemap.xml"", ""https://www.aljazeera.com/sitemaps/article-archive.xml"", ""https://www.aljazeera.com/sitemaps/article-new.xml"", ""https://www.aljazeera.com/sitemaps/video-archive.xml"", ""https://www.aljazeera.com/sitemaps/video-new.xml""]",True,True,False,,,True,"[""https://www.aljazeera.com/xml/rss/all.xml""]",1,True,"[""https://www.aljazeera.com/news-sitemap.xml"", ""https://www.aljazeera.com/sitemaps/article-archive.xml"", ""https://www.aljazeera.com/sitemaps/article-archive/2025/12.xml"", ""https://www.aljazeera.com/sitemaps/article-archive/2025/11.xml"", ""https://www.aljazeera.com/sitemaps/article-archive/2025/10.xml"", ""https://www.aljazeera.com/sitemaps/article-archive/2025/09.xml"", ""https://www.aljazeera.com/sitemaps/article-archive/2025/08.xml"", ""https://www.aljazeera.com/sitemaps/article-archive/2025/07.xml"", ""https://www.aljazeera.com/sitemaps/article-archive/2025/06.xml"", ""https://www.aljazeera.com/sitemaps/article-archive/2025/05.xml"", ""https://www.aljazeera.com/sitemaps/article-archive/2025/04.xml"", ""https://www.aljazeera.com/sitemaps/article-archive/2025/03.xml"", ""https://www.aljazeera.com/sitemaps/article-archive/2025/02.xml"", ""https://www.aljazeera.com/sitemaps/article-archive/2025/01.xml"", ""https://www.aljazeera.com/sitemaps/article-archive/2024/12.xml"", ""https://www.aljazeera.com/sitemaps/article-archive/2024/11.xml"", ""https://www.aljazeera.com/sitemaps/article-archive/2024/10.xml"", ""https://www.aljazeera.com/sitemaps/article-archive/2024/09.xml"", ""https://www.aljazeera.com/sitemaps/article-archive/2024/08.xml"", ""https://www.aljazeera.com/sitemaps/article-archive/2024/07.xml"", ""https://www.aljazeera.com/sitemaps/article-archive/2024/06.xml"", ""https://www.aljazeera.com/sitemaps/article-archive/2024/05.xml"", ""https://www.aljazeera.com/sitemaps/article-archive/2024/04.xml"", ""https://www.aljazeera.com/sitemaps/article-archive/2024/03.xml"", ""https://www.aljazeera.com/sitemaps/article-archive/2024/02.xml"", ""https://www.aljazeera.com/sitemaps/article-archive/2024/01.xml"", ""https://www.aljazeera.com/sitemaps/article-archive/2023/12.xml"", ""https://www.aljazeera.com/sitemaps/article-archive/2023/11.xml"", ""https://www.aljazeera.com/sitemaps/article-archive/2023/10.xml"", ""https://www.aljazeera.com/sitemaps/article-archive/2023/09.xml"", ""https://www.aljazeera.com/sitemaps/article-archive/2023/08.xml"", ""https://www.aljazeera.com/sitemaps/article-archive/2023/07.xml"", ""https://www.aljazeera.com/sitemaps/article-archive/2023/06.xml"", ""https://www.aljazeera.com/sitemaps/article-archive/2023/05.xml"", ""https://www.aljazeera.com/sitemaps/article-archive/2023/04.xml"", ""https://www.aljazeera.com/sitemaps/article-archive/2023/03.xml"", ""https://www.aljazeera.com/sitemaps/article-archive/2023/02.xml"", ""https://www.aljazeera.com/sitemaps/article-archive/2023/01.xml"", ""https://www.aljazeera.com/sitemaps/article-archive/2022/12.xml"", ""https://www.aljazeera.com/sitemaps/article-archive/2022/11.xml"", ""https://www.aljazeera.com/sitemaps/article-archive/2022/10.xml"", ""https://www.aljazeera.com/sitemaps/article-archive/2022/09.xml"", ""https://www.aljazeera.com/sitemaps/article-archive/2022/08.xml"", ""https://www.aljazeera.com/sitemaps/article-archive/2022/07.xml"", ""https://www.aljazeera.com/sitemaps/article-archive/2022/06.xml"", ""https://www.aljazeera.com/sitemaps/article-archive/2022/05.xml"", ""https://www.aljazeera.com/sitemaps/article-archive/2022/04.xml"", ""https://www.aljazeera.com/sitemaps/article-archive/2022/03.xml"", ""https://www.aljazeera.com/sitemaps/article-archive/2022/02.xml"", ""https://www.aljazeera.com/sitemaps/article-archive/2022/01.xml"", ""https://www.aljazeera.com/sitemaps/article-archive/2021/12.xml"", ""https://www.aljazeera.com/sitemaps/article-archive/2021/11.xml"", ""https://www.aljazeera.com/sitemaps/article-archive/2021/10.xml"", ""https://www.aljazeera.com/sitemaps/article-archive/2021/09.xml"", ""https://www.aljazeera.com/sitemaps/article-archive/2021/08.xml"", ""https://www.aljazeera.com/sitemaps/article-archive/2021/07.xml"", ""https://www.aljazeera.com/sitemaps/article-archive/2021/06.xml"", ""https://www.aljazeera.com/sitemaps/article-archive/2021/05.xml"", ""https://www.aljazeera.com/sitemaps/article-archive/2021/04.xml"", ""https://www.aljazeera.com/sitemaps/article-archive/2021/03.xml"", ""https://www.aljazeera.com/sitemaps/article-archive/2021/02.xml"", ""https://www.aljazeera.com/sitemaps/article-archive/2021/01.xml"", ""https://www.aljazeera.com/sitemaps/article-archive/2020/12.xml"", ""https://www.aljazeera.com/sitemaps/article-archive/2020/11.xml"", ""https://www.aljazeera.com/sitemaps/article-archive/2020/10.xml"", ""https://www.aljazeera.com/sitemaps/article-archive/2020/09.xml"", ""https://www.aljazeera.com/sitemaps/article-archive/2020/08.xml"", ""https://www.aljazeera.com/sitemaps/article-archive/2020/07.xml"", ""https://www.aljazeera.com/sitemaps/article-archive/2020/06.xml"", ""https://www.aljazeera.com/sitemaps/article-archive/2020/05.xml"", ""https://www.aljazeera.com/sitemaps/article-archive/2020/04.xml"", ""https://www.aljazeera.com/sitemaps/article-archive/2020/03.xml"", ""https://www.aljazeera.com/sitemaps/article-archive/2020/02.xml"", ""https://www.aljazeera.com/sitemaps/article-archive/2020/01.xml"", ""https://www.aljazeera.com/sitemaps/article-archive/2019/12.xml"", ""https://www.aljazeera.com/sitemaps/article-archive/2019/11.xml"", ""https://www.aljazeera.com/sitemaps/article-archive/2019/10.xml"", ""https://www.aljazeera.com/sitemaps/article-archive/2019/09.xml"", ""https://www.aljazeera.com/sitemaps/article-archive/2019/08.xml"", ""https://www.aljazeera.com/sitemaps/article-archive/2019/07.xml"", ""https://www.aljazeera.com/sitemaps/article-archive/2019/06.xml"", ""https://www.aljazeera.com/sitemaps/article-archive/2019/05.xml"", ""https://www.aljazeera.com/sitemaps/article-archive/2019/04.xml"", ""https://www.aljazeera.com/sitemaps/article-archive/2019/03.xml"", ""https://www.aljazeera.com/sitemaps/article-archive/2019/02.xml"", ""https://www.aljazeera.com/sitemaps/article-archive/2019/01.xml"", ""https://www.aljazeera.com/sitemaps/article-archive/2018/12.xml"", ""https://www.aljazeera.com/sitemaps/article-archive/2018/11.xml"", ""https://www.aljazeera.com/sitemaps/article-archive/2018/10.xml"", ""https://www.aljazeera.com/sitemaps/article-archive/2018/09.xml"", ""https://www.aljazeera.com/sitemaps/article-archive/2018/08.xml"", ""https://www.aljazeera.com/sitemaps/article-archive/2018/07.xml"", ""https://www.aljazeera.com/sitemaps/article-archive/2018/06.xml"", ""https://www.aljazeera.com/sitemaps/article-archive/2018/05.xml"", ""https://www.aljazeera.com/sitemaps/article-archive/2018/04.xml"", ""https://www.aljazeera.com/sitemaps/article-archive/2018/03.xml"", ""https://www.aljazeera.com/sitemaps/article-archive/2018/02.xml"", ""https://www.aljazeera.com/sitemaps/article-archive/2018/01.xml"", ""https://www.aljazeera.com/sitemaps/article-archive/2017/12.xml"", ""https://www.aljazeera.com/sitemaps/article-archive/2017/11.xml"", ""https://www.aljazeera.com/sitemaps/article-archive/2017/10.xml"", ""https://www.aljazeera.com/sitemaps/article-archive/2017/09.xml"", ""https://www.aljazeera.com/sitemaps/article-archive/2017/08.xml"", ""https://www.aljazeera.com/sitemaps/article-archive/2017/07.xml"", ""https://www.aljazeera.com/sitemaps/article-archive/2017/06.xml"", ""https://www.aljazeera.com/sitemaps/article-archive/2017/05.xml"", ""https://www.aljazeera.com/sitemaps/article-archive/2017/04.xml"", ""https://www.aljazeera.com/sitemaps/article-archive/2017/03.xml"", ""https://www.aljazeera.com/sitemaps/article-archive/2017/02.xml"", ""https://www.aljazeera.com/sitemaps/article-archive/2017/01.xml"", ""https://www.aljazeera.com/sitemaps/article-archive/2016/12.xml"", ""https://www.aljazeera.com/sitemaps/article-archive/2016/11.xml"", ""https://www.aljazeera.com/sitemaps/article-archive/2016/10.xml"", ""https://www.aljazeera.com/sitemaps/article-archive/2016/09.xml"", ""https://www.aljazeera.com/sitemaps/article-archive/2016/08.xml"", ""https://www.aljazeera.com/sitemaps/article-archive/2016/07.xml"", ""https://www.aljazeera.com/sitemaps/article-archive/2016/06.xml"", ""https://www.aljazeera.com/sitemaps/article-archive/2016/05.xml"", ""https://www.aljazeera.com/sitemaps/article-archive/2016/04.xml"", ""https://www.aljazeera.com/sitemaps/article-archive/2016/03.xml""]",120,200,"Breaking News, World News and Video from Al Jazeera",7696,125,True,420,True,False,False,True,rss_then_article_extract,medium,active,,2026-06-15 20:15:43.028660
asia_nikkei_com,https://asia.nikkei.com,https://asia.nikkei.com/,asia.nikkei.com,https,https://asia.nikkei.com/,https://asia.nikkei.com/robots.txt,True,"[""https://asia.nikkei.com/sitemap.xml"", ""https://asia.nikkei.com/sitemap_news.xml""]",True,True,False,,,False,[],0,True,"[""https://asia.nikkei.com/sitemap.xml"", ""https://asia.nikkei.com/sitemap_news.xml"", ""https://asia.nikkei.com/news_sitemap.xml?date=20260615""]",3,200,"Nikkei Asia - Business, Politics, Economy and Tech News & Analysis",12931,480,True,876,True,True,False,True,sitemap_then_article_extract,medium,active,,2026-06-15 20:15:43.030610
baochinhphu_vn,https://baochinhphu.vn/kinh-te.htm,https://baochinhphu.vn/kinh-te.htm,baochinhphu.vn,https,https://baochinhphu.vn/kinh-te.htm,https://baochinhphu.vn/robots.txt,True,[],False,True,False,,,True,"[""https://baochinhphu.vn/kinh-te.rss""]",1,False,[],0,200,Kinh tế - .: VGP News :. BÁO ĐIỆN TỬ CHÍNH PHỦ NƯỚC CHXHCN VIỆT NAM,10647,151,True,5064,False,True,True,True,rss_then_article_extract,medium,active,,2026-06-15 20:15:43.028350
baoxaydung_vn,https://baoxaydung.vn,https://baoxaydung.vn/,baoxaydung.vn,https,https://baoxaydung.vn/,https://baoxaydung.vn/robots.txt,True,"[""https://baoxaydung.vn/sitemap.xml""]",True,True,False,,,True,"[""https://baoxaydung.vn/rss/home.rss""]",1,True,"[""https://baoxaydung.vn/sitemap.xml"", ""https://baoxaydung.vn/sitemap/category.xml"", ""https://baoxaydung.vn/sitemap/author.xml"", ""https://baoxaydung.vn/video-news.xml"", ""https://baoxaydung.vn/event.xml"", ""https://baoxaydung.vn/sitemaps/bxd-sitemaps-2026-6-1-5.xml"", ""https://baoxaydung.vn/sitemaps/bxd-sitemaps-2026-6-6-10.xml"", ""https://baoxaydung.vn/sitemaps/bxd-sitemaps-2026-6-11-15.xml"", ""https://baoxaydung.vn/sitemaps/bxd-sitemaps-2026-5-1-5.xml"", ""https://baoxaydung.vn/sitemaps/bxd-sitemaps-2026-5-6-10.xml"", ""https://baoxaydung.vn/sitemaps/bxd-sitemaps-2026-5-11-15.xml"", ""https://baoxaydung.vn/sitemaps/bxd-sitemaps-2026-5-16-20.xml"", ""https://baoxaydung.vn/sitemaps/bxd-sitemaps-2026-5-21-25.xml"", ""https://baoxaydung.vn/sitemaps/bxd-sitemaps-2026-5-26-31.xml"", ""https://baoxaydung.vn/sitemaps/bxd-sitemaps-2026-4-1-5.xml"", ""https://baoxaydung.vn/sitemaps/bxd-sitemaps-2026-4-6-10.xml"", ""https://baoxaydung.vn/sitemaps/bxd-sitemaps-2026-4-11-15.xml"", ""https://baoxaydung.vn/sitemaps/bxd-sitemaps-2026-4-16-20.xml"", ""https://baoxaydung.vn/sitemaps/bxd-sitemaps-2026-4-21-25.xml"", ""https://baoxaydung.vn/sitemaps/bxd-sitemaps-2026-4-26-30.xml"", ""https://baoxaydung.vn/sitemaps/bxd-sitemaps-2026-3-1-5.xml"", ""https://baoxaydung.vn/sitemaps/bxd-sitemaps-2026-3-6-10.xml"", ""https://baoxaydung.vn/sitemaps/bxd-sitemaps-2026-3-11-15.xml"", ""https://baoxaydung.vn/sitemaps/bxd-sitemaps-2026-3-16-20.xml"", ""https://baoxaydung.vn/sitemaps/bxd-sitemaps-2026-3-21-25.xml"", ""https://baoxaydung.vn/sitemaps/bxd-sitemaps-2026-3-26-31.xml"", ""https://baoxaydung.vn/sitemaps/bxd-sitemaps-2026-2-1-5.xml"", ""https://baoxaydung.vn/sitemaps/bxd-sitemaps-2026-2-6-10.xml"", ""https://baoxaydung.vn/sitemaps/bxd-sitemaps-2026-2-11-15.xml"", ""https://baoxaydung.vn/sitemaps/bxd-sitemaps-2026-2-16-20.xml"", ""https://baoxaydung.vn/sitemaps/bxd-sitemaps-2026-2-21-25.xml"", ""https://baoxaydung.vn/sitemaps/bxd-sitemaps-2026-2-26-28.xml"", ""https://baoxaydung.vn/sitemaps/bxd-sitemaps-2026-1-1-5.xml"", ""https://baoxaydung.vn/sitemaps/bxd-sitemaps-2026-1-6-10.xml"", ""https://baoxaydung.vn/sitemaps/bxd-sitemaps-2026-1-11-15.xml"", ""https://baoxaydung.vn/sitemaps/bxd-sitemaps-2026-1-16-20.xml"", ""https://baoxaydung.vn/sitemaps/bxd-sitemaps-2026-1-21-25.xml"", ""https://baoxaydung.vn/sitemaps/bxd-sitemaps-2026-1-26-31.xml"", ""https://baoxaydung.vn/sitemaps/bxd-sitemaps-2025-12-1-5.xml"", ""https://baoxaydung.vn/sitemaps/bxd-sitemaps-2025-12-6-10.xml"", ""https://baoxaydung.vn/sitemaps/bxd-sitemaps-2025-12-11-15.xml"", ""https://baoxaydung.vn/sitemaps/bxd-sitemaps-2025-12-16-20.xml"", ""https://baoxaydung.vn/sitemaps/bxd-sitemaps-2025-12-21-25.xml"", ""https://baoxaydung.vn/sitemaps/bxd-sitemaps-2025-12-26-31.xml"", ""https://baoxaydung.vn/sitemaps/bxd-sitemaps-2025-11-1-5.xml"", ""https://baoxaydung.vn/sitemaps/bxd-sitemaps-2025-11-6-10.xml"", ""https://baoxaydung.vn/sitemaps/bxd-sitemaps-2025-11-11-15.xml"", ""https://baoxaydung.vn/sitemaps/bxd-sitemaps-2025-11-16-20.xml"", ""https://baoxaydung.vn/sitemaps/bxd-sitemaps-2025-11-21-25.xml"", ""https://baoxaydung.vn/sitemaps/bxd-sitemaps-2025-11-26-30.xml"", ""https://baoxaydung.vn/sitemaps/bxd-sitemaps-2025-10-1-5.xml"", ""https://baoxaydung.vn/sitemaps/bxd-sitemaps-2025-10-6-10.xml"", ""https://baoxaydung.vn/sitemaps/bxd-sitemaps-2025-10-11-15.xml"", ""https://baoxaydung.vn/sitemaps/bxd-sitemaps-2025-10-16-20.xml"", ""https://baoxaydung.vn/sitemaps/bxd-sitemaps-2025-10-21-25.xml"", ""https://baoxaydung.vn/sitemaps/bxd-sitemaps-2025-10-26-31.xml"", ""https://baoxaydung.vn/sitemaps/bxd-sitemaps-2025-9-1-5.xml"", ""https://baoxaydung.vn/sitemaps/bxd-sitemaps-2025-9-6-10.xml"", ""https://baoxaydung.vn/sitemaps/bxd-sitemaps-2025-9-11-15.xml"", ""https://baoxaydung.vn/sitemaps/bxd-sitemaps-2025-9-16-20.xml"", ""https://baoxaydung.vn/sitemaps/bxd-sitemaps-2025-9-21-25.xml"", ""https://baoxaydung.vn/sitemaps/bxd-sitemaps-2025-9-26-30.xml"", ""https://baoxaydung.vn/sitemaps/bxd-sitemaps-2025-8-1-5.xml"", ""https://baoxaydung.vn/sitemaps/bxd-sitemaps-2025-8-6-10.xml"", ""https://baoxaydung.vn/sitemaps/bxd-sitemaps-2025-8-11-15.xml"", ""https://baoxaydung.vn/sitemaps/bxd-sitemaps-2025-8-16-20.xml"", ""https://baoxaydung.vn/sitemaps/bxd-sitemaps-2025-8-21-25.xml"", ""https://baoxaydung.vn/sitemaps/bxd-sitemaps-2025-8-26-31.xml"", ""https://baoxaydung.vn/sitemaps/bxd-sitemaps-2025-7-1-5.xml"", ""https://baoxaydung.vn/sitemaps/bxd-sitemaps-2025-7-6-10.xml"", ""https://baoxaydung.vn/sitemaps/bxd-sitemaps-2025-7-11-15.xml"", ""https://baoxaydung.vn/sitemaps/bxd-sitemaps-2025-7-16-20.xml"", ""https://baoxaydung.vn/sitemaps/bxd-sitemaps-2025-7-21-25.xml"", ""https://baoxaydung.vn/sitemaps/bxd-sitemaps-2025-7-26-31.xml"", ""https://baoxaydung.vn/sitemaps/bxd-sitemaps-2025-6-1-5.xml"", ""https://baoxaydung.vn/sitemaps/bxd-sitemaps-2025-6-6-10.xml"", ""https://baoxaydung.vn/sitemaps/bxd-sitemaps-2025-6-11-15.xml"", ""https://baoxaydung.vn/sitemaps/bxd-sitemaps-2025-6-16-20.xml"", ""https://baoxaydung.vn/sitemaps/bxd-sitemaps-2025-6-21-25.xml"", ""https://baoxaydung.vn/sitemaps/bxd-sitemaps-2025-6-26-30.xml"", ""https://baoxaydung.vn/sitemaps/bxd-sitemaps-2025-5-1-5.xml"", ""https://baoxaydung.vn/sitemaps/bxd-sitemaps-2025-5-6-10.xml"", ""https://baoxaydung.vn/sitemaps/bxd-sitemaps-2025-5-11-15.xml"", ""https://baoxaydung.vn/sitemaps/bxd-sitemaps-2025-5-16-20.xml"", ""https://baoxaydung.vn/sitemaps/bxd-sitemaps-2025-5-21-25.xml"", ""https://baoxaydung.vn/sitemaps/bxd-sitemaps-2025-5-26-31.xml"", ""https://baoxaydung.vn/sitemaps/bxd-sitemaps-2025-4-1-5.xml"", ""https://baoxaydung.vn/sitemaps/bxd-sitemaps-2025-4-6-10.xml"", ""https://baoxaydung.vn/sitemaps/bxd-sitemaps-2025-4-11-15.xml"", ""https://baoxaydung.vn/sitemaps/bxd-sitemaps-2025-4-16-20.xml"", ""https://baoxaydung.vn/sitemaps/bxd-sitemaps-2025-4-21-25.xml"", ""https://baoxaydung.vn/sitemaps/bxd-sitemaps-2025-4-26-30.xml"", ""https://baoxaydung.vn/sitemaps/bxd-sitemaps-2025-3-1-5.xml"", ""https://baoxaydung.vn/sitemaps/bxd-sitemaps-2025-3-6-10.xml"", ""https://baoxaydung.vn/sitemaps/bxd-sitemaps-2025-3-11-15.xml"", ""https://baoxaydung.vn/sitemaps/bxd-sitemaps-2025-3-16-20.xml"", ""https://baoxaydung.vn/sitemaps/bxd-sitemaps-2025-3-21-25.xml"", ""https://baoxaydung.vn/sitemaps/bxd-sitemaps-2025-3-26-31.xml"", ""https://baoxaydung.vn/sitemaps/bxd-sitemaps-2025-2-1-5.xml"", ""https://baoxaydung.vn/sitemaps/bxd-sitemaps-2025-2-6-10.xml"", ""https://baoxaydung.vn/sitemaps/bxd-sitemaps-2025-2-11-15.xml"", ""https://baoxaydung.vn/sitemaps/bxd-sitemaps-2025-2-16-20.xml"", ""https://baoxaydung.vn/sitemaps/bxd-sitemaps-2025-2-21-25.xml"", ""https://baoxaydung.vn/sitemaps/bxd-sitemaps-2025-2-26-28.xml"", ""https://baoxaydung.vn/sitemaps/bxd-sitemaps-2025-1-1-5.xml"", ""https://baoxaydung.vn/sitemaps/bxd-sitemaps-2025-1-6-10.xml"", ""https://baoxaydung.vn/sitemaps/bxd-sitemaps-2025-1-11-15.xml"", ""https://baoxaydung.vn/sitemaps/bxd-sitemaps-2025-1-16-20.xml"", ""https://baoxaydung.vn/sitemaps/bxd-sitemaps-2025-1-21-25.xml"", ""https://baoxaydung.vn/sitemaps/bxd-sitemaps-2025-1-26-31.xml"", ""https://baoxaydung.vn/sitemaps/bxd-sitemaps-2024-12-1-5.xml"", ""https://baoxaydung.vn/sitemaps/bxd-sitemaps-2024-12-6-10.xml"", ""https://baoxaydung.vn/sitemaps/bxd-sitemaps-2024-12-11-15.xml"", ""https://baoxaydung.vn/sitemaps/bxd-sitemaps-2024-12-16-20.xml"", ""https://baoxaydung.vn/sitemaps/bxd-sitemaps-2024-12-21-25.xml"", ""https://baoxaydung.vn/sitemaps/bxd-sitemaps-2024-12-26-31.xml"", ""https://baoxaydung.vn/sitemaps/bxd-sitemaps-2024-11-1-5.xml"", ""https://baoxaydung.vn/sitemaps/bxd-sitemaps-2024-11-6-10.xml"", ""https://baoxaydung.vn/sitemaps/bxd-sitemaps-2024-11-11-15.xml"", ""https://baoxaydung.vn/sitemaps/bxd-sitemaps-2024-11-16-20.xml""]",120,200,"Báo Xây dựng - Tin tức 24h qua, tin nóng mới nhất hôm nay",5087,189,True,278,False,False,False,True,rss_then_article_extract,medium,active,,2026-06-15 20:15:43.043251
cnbc_com,https://www.cnbc.com,https://www.cnbc.com/,cnbc.com,https,https://www.cnbc.com/,https://www.cnbc.com/robots.txt,True,"[""https://www.cnbc.com/sitemapAll.xml"", ""https://www.cnbc.com/sitemap_news.xml"", ""https://www.cnbc.com/sitemapvideoAll.xml"", ""https://www.cnbc.com/SitemapQuotes.xml"", ""https://www.cnbc.com/sitemapSelectAll.xml"", ""https://www.cnbc.com/sitemapproAll.xml"", ""https://www.cnbc.com/sitemapprovideoAll.xml"", ""https://www.cnbc.com/sitemapinvestingclubAll.xml"", ""https://www.cnbc.com/sitemapicvideoprodAll.xml""]",True,True,False,,,False,[],0,True,"[""https://www.cnbc.com/sitemapAll.xml"", ""https://www.cnbc.com/CNBCsitemapAll13.xml"", ""https://www.cnbc.com/CNBCsitemapAll12.xml"", ""https://www.cnbc.com/CNBCsitemapAll11.xml"", ""https://www.cnbc.com/CNBCsitemapAll10.xml"", ""https://www.cnbc.com/CNBCsitemapAll9.xml"", ""https://www.cnbc.com/CNBCsitemapAll8.xml"", ""https://www.cnbc.com/CNBCsitemapAll7.xml"", ""https://www.cnbc.com/CNBCsitemapAll6.xml"", ""https://www.cnbc.com/CNBCsitemapAll5.xml"", ""https://www.cnbc.com/CNBCsitemapAll4.xml"", ""https://www.cnbc.com/CNBCsitemapAll3.xml"", ""https://www.cnbc.com/CNBCsitemapAll2.xml"", ""https://www.cnbc.com/CNBCsitemapAll1.xml"", ""https://www.cnbc.com/sitemap_news.xml"", ""https://www.cnbc.com/sitemapvideoAll.xml"", ""https://www.cnbc.com/CNBCsitemapvideoAll17.xml"", ""https://www.cnbc.com/CNBCsitemapvideoAll16.xml"", ""https://www.cnbc.com/CNBCsitemapvideoAll15.xml"", ""https://www.cnbc.com/CNBCsitemapvideoAll14.xml"", ""https://www.cnbc.com/CNBCsitemapvideoAll13.xml"", ""https://www.cnbc.com/CNBCsitemapvideoAll12.xml"", ""https://www.cnbc.com/CNBCsitemapvideoAll11.xml"", ""https://www.cnbc.com/CNBCsitemapvideoAll10.xml"", ""https://www.cnbc.com/CNBCsitemapvideoAll9.xml"", ""https://www.cnbc.com/CNBCsitemapvideoAll8.xml"", ""https://www.cnbc.com/CNBCsitemapvideoAll7.xml"", ""https://www.cnbc.com/CNBCsitemapvideoAll6.xml"", ""https://www.cnbc.com/CNBCsitemapvideoAll5.xml"", ""https://www.cnbc.com/CNBCsitemapvideoAll4.xml"", ""https://www.cnbc.com/CNBCsitemapvideoAll3.xml"", ""https://www.cnbc.com/CNBCsitemapvideoAll2.xml"", ""https://www.cnbc.com/CNBCsitemapvideoAll1.xml"", ""https://www.cnbc.com/SitemapQuotes.xml"", ""https://www.cnbc.com/QuoteSitemap3.xml"", ""https://www.cnbc.com/QuoteSitemap2.xml"", ""https://www.cnbc.com/QuoteSitemap1.xml"", ""https://www.cnbc.com/sitemapSelectAll.xml"", ""https://www.cnbc.com/sitemapSelect1.xml"", ""https://www.cnbc.com/sitemapproAll.xml"", ""https://www.cnbc.com/sitemappro2.xml"", ""https://www.cnbc.com/sitemappro1.xml"", ""https://www.cnbc.com/sitemapprovideoAll.xml"", ""https://www.cnbc.com/CNBCsitemapprovideoAll1.xml"", ""https://www.cnbc.com/sitemapinvestingclubAll.xml"", ""https://www.cnbc.com/sitemapinvestingclub1.xml"", ""https://www.cnbc.com/sitemapicvideoprodAll.xml"", ""https://www.cnbc.com/sitemapicvideoprod1.xml""]",48,200,"International Business, World News & Global Stock Market Analysis",12197,421,True,11248,False,True,True,True,sitemap_then_article_extract,medium,active,,2026-06-15 20:15:43.033237
coindesk_com,https://www.coindesk.com,https://www.coindesk.com/,coindesk.com,https,https://www.coindesk.com/,https://www.coindesk.com/robots.txt,True,"[""https://www.coindesk.com/sitemap-index.xml"", ""https://www.coindesk.com/arc/outboundfeeds/news-sitemap-index"", ""https://www.coindesk.com/arc/outboundfeeds/news-sitemap-index-es"", ""https://www.coindesk.com/arc/outboundfeeds/video-sitemap""]",True,True,False,,,False,[],0,True,"[""https://www.coindesk.com/sitemap-index.xml"", ""https://www.coindesk.com/sitemaps/static-1.xml"", ""https://www.coindesk.com/sitemaps/articles-1.xml"", ""https://www.coindesk.com/sitemaps/articles-2.xml"", ""https://www.coindesk.com/sitemaps/articles-3.xml"", ""https://www.coindesk.com/sitemaps/articles-4.xml"", ""https://www.coindesk.com/sitemaps/articles-5.xml"", ""https://www.coindesk.com/sitemaps/articles-6.xml"", ""https://www.coindesk.com/sitemaps/articles-7.xml"", ""https://www.coindesk.com/sitemaps/articles-8.xml"", ""https://www.coindesk.com/sitemaps/articles-9.xml"", ""https://www.coindesk.com/sitemaps/articles-10.xml"", ""https://www.coindesk.com/sitemaps/articles-11.xml"", ""https://www.coindesk.com/sitemaps/articles-12.xml"", ""https://www.coindesk.com/sitemaps/articles-13.xml"", ""https://www.coindesk.com/sitemaps/articles-14.xml"", ""https://www.coindesk.com/sitemaps/articles-15.xml"", ""https://www.coindesk.com/sitemaps/articles-16.xml"", ""https://www.coindesk.com/sitemaps/articles-17.xml"", ""https://www.coindesk.com/sitemaps/articles-18.xml"", ""https://www.coindesk.com/sitemaps/articles-19.xml"", ""https://www.coindesk.com/sitemaps/crypto-1.xml"", ""https://www.coindesk.com/sitemaps/crypto-2.xml"", ""https://www.coindesk.com/sitemaps/crypto-3.xml"", ""https://www.coindesk.com/sitemaps/crypto-4.xml"", ""https://www.coindesk.com/sitemaps/crypto-5.xml"", ""https://www.coindesk.com/sitemaps/crypto-6.xml"", ""https://www.coindesk.com/sitemaps/crypto-7.xml"", ""https://www.coindesk.com/sitemaps/crypto-8.xml"", ""https://www.coindesk.com/sitemaps/crypto-9.xml"", ""https://www.coindesk.com/sitemaps/crypto-10.xml"", ""https://www.coindesk.com/sitemaps/crypto-11.xml"", ""https://www.coindesk.com/sitemaps/crypto-12.xml"", ""https://www.coindesk.com/sitemaps/crypto-13.xml"", ""https://www.coindesk.com/sitemaps/crypto-14.xml"", ""https://www.coindesk.com/sitemaps/crypto-15.xml"", ""https://www.coindesk.com/sitemaps/crypto-16.xml"", ""https://www.coindesk.com/sitemaps/crypto-17.xml"", ""https://www.coindesk.com/sitemaps/crypto-18.xml"", ""https://www.coindesk.com/sitemaps/crypto-19.xml"", ""https://www.coindesk.com/sitemaps/crypto-20.xml"", ""https://www.coindesk.com/sitemaps/crypto-21.xml"", ""https://www.coindesk.com/sitemaps/crypto-22.xml"", ""https://www.coindesk.com/sitemaps/crypto-23.xml"", ""https://www.coindesk.com/sitemaps/crypto-24.xml"", ""https://www.coindesk.com/sitemaps/crypto-25.xml"", ""https://www.coindesk.com/sitemaps/crypto-26.xml"", ""https://www.coindesk.com/sitemaps/crypto-27.xml"", ""https://www.coindesk.com/sitemaps/crypto-28.xml"", ""https://www.coindesk.com/sitemaps/crypto-29.xml"", ""https://www.coindesk.com/sitemaps/crypto-30.xml"", ""https://www.coindesk.com/sitemaps/crypto-31.xml"", ""https://www.coindesk.com/sitemaps/crypto-32.xml"", ""https://www.coindesk.com/sitemaps/crypto-33.xml"", ""https://www.coindesk.com/sitemaps/crypto-34.xml"", ""https://www.coindesk.com/sitemaps/crypto-35.xml"", ""https://www.coindesk.com/sitemaps/crypto-36.xml"", ""https://www.coindesk.com/sitemaps/crypto-37.xml"", ""https://www.coindesk.com/sitemaps/crypto-38.xml"", ""https://www.coindesk.com/sitemaps/crypto-39.xml"", ""https://www.coindesk.com/sitemaps/crypto-40.xml"", ""https://www.coindesk.com/sitemaps/crypto-41.xml"", ""https://www.coindesk.com/sitemaps/authors-1.xml"", ""https://www.coindesk.com/sitemaps/episodes-1.xml"", ""https://www.coindesk.com/sitemaps/episodes-2.xml"", ""https://www.coindesk.com/sitemaps/episodes-3.xml"", ""https://www.coindesk.com/sitemaps/episodes-4.xml"", ""https://www.coindesk.com/sitemaps/episodes-5.xml"", ""https://www.coindesk.com/sitemaps/episodes-6.xml"", ""https://www.coindesk.com/sitemaps/episodes-7.xml"", ""https://www.coindesk.com/sitemaps/episodes-8.xml"", ""https://www.coindesk.com/sitemaps/episodes-9.xml"", ""https://www.coindesk.com/sitemaps/series-1.xml"", ""https://www.coindesk.com/sitemaps/newsletters-1.xml"", ""https://www.coindesk.com/sitemaps/shows-1.xml"", ""https://www.coindesk.com/sitemaps/playlists-1.xml"", ""https://www.coindesk.com/sitemaps/tags-1.xml"", ""https://www.coindesk.com/sitemaps/tags-2.xml"", ""https://www.coindesk.com/sitemaps/research-1.xml"", ""https://www.coindesk.com/arc/outboundfeeds/news-sitemap-index"", ""https://www.coindesk.com/arc/outboundfeeds/news-sitemap-index-es"", ""https://www.coindesk.com/arc/outboundfeeds/video-sitemap""]",82,200,"CoinDesk: Bitcoin, Ethereum, XRP, Crypto News and Price Data",10225,207,True,329,False,True,False,True,sitemap_then_article_extract,medium,active,,2026-06-15 20:16:00.678040
coingecko_com,https://www.coingecko.com/en/news,https://www.coingecko.com/en/news,coingecko.com,https,https://www.coingecko.com/en/news,https://www.coingecko.com/robots.txt,True,"[""https://www.coingecko.com/sitemap.xml"", ""https://www.coingecko.com/sitemaps/currency/sitemap.xml"", ""https://www.coingecko.com/sitemaps/categories/sitemap.xml"", ""https://www.coingecko.com/sitemaps/nft/sitemap.xml"", ""https://www.coingecko.com/sitemaps/posts/sitemap.xml"", ""https://www.coingecko.com/sitemaps/exchanges/sitemap.xml"", ""https://www.coingecko.com/sitemaps/products/sitemap.xml"", ""https://www.coingecko.com/sitemaps/treasuries/sitemap.xml""]",True,True,False,,,True,"[""https://www.coingecko.com/feed""]",1,True,"[""https://www.coingecko.com/sitemap.xml"", ""https://www.coingecko.com/sitemaps/homepage.xml"", ""https://www.coingecko.com/sitemaps/coins-en.xml"", ""https://www.coingecko.com/sitemaps/coins-pl.xml"", ""https://www.coingecko.com/sitemaps/coins-es.xml"", ""https://www.coingecko.com/sitemaps/coins-de.xml"", ""https://www.coingecko.com/sitemaps/coins-pt-br.xml"", ""https://www.coingecko.com/sitemaps/coins-fr.xml"", ""https://www.coingecko.com/sitemaps/coins-ru.xml"", ""https://www.coingecko.com/sitemaps/coins-vi.xml"", ""https://www.coingecko.com/sitemaps/coins-tr.xml"", ""https://www.coingecko.com/sitemaps/coins-nl.xml"", ""https://www.coingecko.com/sitemaps/coins-it.xml"", ""https://www.coingecko.com/sitemaps/coins-id.xml"", ""https://www.coingecko.com/sitemaps/coins-ko.xml"", ""https://www.coingecko.com/sitemaps/coins-ja.xml"", ""https://www.coingecko.com/sitemaps/coins-zh-tw.xml"", ""https://www.coingecko.com/sitemaps/coins-sv.xml"", ""https://www.coingecko.com/sitemaps/coins-ar.xml"", ""https://www.coingecko.com/sitemaps/coins-th.xml"", ""https://www.coingecko.com/sitemaps/coins-hi.xml"", ""https://www.coingecko.com/sitemaps/coins-uk.xml"", ""https://www.coingecko.com/sitemaps/coins-fi.xml"", ""https://www.coingecko.com/sitemaps/coins-hu.xml"", ""https://www.coingecko.com/sitemaps/converter.xml"", ""https://www.coingecko.com/sitemaps/crypto-price-currencies.xml"", ""https://www.coingecko.com/sitemaps/stats.xml"", ""https://www.coingecko.com/sitemaps/currency/sitemap.xml"", ""https://www.coingecko.com/sitemaps/currency/currency-aud-en.xml"", ""https://www.coingecko.com/sitemaps/currency/currency-cad-en.xml"", ""https://www.coingecko.com/sitemaps/currency/currency-eur-en.xml"", ""https://www.coingecko.com/sitemaps/currency/currency-eur-de.xml"", ""https://www.coingecko.com/sitemaps/currency/currency-gbp-en.xml"", ""https://www.coingecko.com/sitemaps/currency/currency-idr-id.xml"", ""https://www.coingecko.com/sitemaps/currency/currency-inr-en.xml"", ""https://www.coingecko.com/sitemaps/currency/currency-jpy-ja.xml"", ""https://www.coingecko.com/sitemaps/currency/currency-php-en.xml"", ""https://www.coingecko.com/sitemaps/currency/currency-rub-ru.xml"", ""https://www.coingecko.com/sitemaps/categories/sitemap.xml"", ""https://www.coingecko.com/sitemaps/categories/category.xml"", ""https://www.coingecko.com/sitemaps/categories/watchlists.xml"", ""https://www.coingecko.com/sitemaps/nft/sitemap.xml"", ""https://www.coingecko.com/sitemaps/nft/sitemap1.xml"", ""https://www.coingecko.com/sitemaps/posts/sitemap.xml"", ""https://www.coingecko.com/sitemaps/posts/sitemap1.xml"", ""https://www.coingecko.com/sitemaps/exchanges/sitemap.xml"", ""https://www.coingecko.com/sitemaps/exchanges/exchange.xml"", ""https://www.coingecko.com/sitemaps/exchanges/chains.xml"", ""https://www.coingecko.com/sitemaps/products/sitemap.xml"", ""https://www.coingecko.com/sitemaps/products/sitemap1.xml"", ""https://www.coingecko.com/sitemaps/treasuries/sitemap.xml"", ""https://www.coingecko.com/sitemaps/treasuries/sitemap1.xml""]",52,200,CoinGecko News: The front page of cryptocurrency and blockchain,12332,184,True,392,False,True,True,True,rss_then_article_extract,medium,active,,2026-06-15 20:16:10.013444
cryptoslate_com,https://cryptoslate.com,https://cryptoslate.com/,cryptoslate.com,https,https://cryptoslate.com/,https://cryptoslate.com/robots.txt,True,"[""https://cryptoslate.com/sitemap_index.xml"", ""https://cryptoslate.com/news-sitemap.xml""]",True,True,False,,,True,"[""https://cryptoslate.com/feed/""]",1,True,"[""https://cryptoslate.com/sitemap_index.xml"", ""https://cryptoslate.com/post-sitemap.xml"", ""https://cryptoslate.com/post-sitemap2.xml"", ""https://cryptoslate.com/post-sitemap3.xml"", ""https://cryptoslate.com/post-sitemap4.xml"", ""https://cryptoslate.com/post-sitemap5.xml"", ""https://cryptoslate.com/post-sitemap6.xml"", ""https://cryptoslate.com/post-sitemap7.xml"", ""https://cryptoslate.com/post-sitemap8.xml"", ""https://cryptoslate.com/post-sitemap9.xml"", ""https://cryptoslate.com/post-sitemap10.xml"", ""https://cryptoslate.com/post-sitemap11.xml"", ""https://cryptoslate.com/post-sitemap12.xml"", ""https://cryptoslate.com/post-sitemap13.xml"", ""https://cryptoslate.com/post-sitemap14.xml"", ""https://cryptoslate.com/post-sitemap15.xml"", ""https://cryptoslate.com/post-sitemap16.xml"", ""https://cryptoslate.com/post-sitemap17.xml"", ""https://cryptoslate.com/post-sitemap18.xml"", ""https://cryptoslate.com/post-sitemap19.xml"", ""https://cryptoslate.com/post-sitemap20.xml"", ""https://cryptoslate.com/post-sitemap21.xml"", ""https://cryptoslate.com/post-sitemap22.xml"", ""https://cryptoslate.com/post-sitemap23.xml"", ""https://cryptoslate.com/post-sitemap24.xml"", ""https://cryptoslate.com/post-sitemap25.xml"", ""https://cryptoslate.com/post-sitemap26.xml"", ""https://cryptoslate.com/page-sitemap.xml"", ""https://cryptoslate.com/crypto_pm_market-sitemap.xml"", ""https://cryptoslate.com/crypto_law-sitemap.xml"", ""https://cryptoslate.com/crypto_press_release-sitemap.xml"", ""https://cryptoslate.com/crypto_press_release-sitemap2.xml"", ""https://cryptoslate.com/crypto_press_release-sitemap3.xml"", ""https://cryptoslate.com/crypto_press_release-sitemap4.xml"", ""https://cryptoslate.com/crypto_press_release-sitemap5.xml"", ""https://cryptoslate.com/update-sitemap.xml"", ""https://cryptoslate.com/crypto_coin-sitemap.xml"", ""https://cryptoslate.com/crypto_coin-sitemap2.xml"", ""https://cryptoslate.com/crypto_coin-sitemap3.xml"", ""https://cryptoslate.com/crypto_coin-sitemap4.xml"", ""https://cryptoslate.com/crypto_coin-sitemap5.xml"", ""https://cryptoslate.com/crypto_coin-sitemap6.xml"", ""https://cryptoslate.com/crypto_coin-sitemap7.xml"", ""https://cryptoslate.com/crypto_coin-sitemap8.xml"", ""https://cryptoslate.com/crypto_coin-sitemap9.xml"", ""https://cryptoslate.com/crypto_company-sitemap.xml"", ""https://cryptoslate.com/crypto_product-sitemap.xml"", ""https://cryptoslate.com/crypto_person-sitemap.xml"", ""https://cryptoslate.com/crypto_glossary-sitemap.xml"", ""https://cryptoslate.com/crypto_video-sitemap.xml"", ""https://cryptoslate.com/crypto_insight-sitemap.xml"", ""https://cryptoslate.com/crypto_insight-sitemap2.xml"", ""https://cryptoslate.com/crypto_insight-sitemap3.xml"", ""https://cryptoslate.com/crypto_vent_report-sitemap.xml"", ""https://cryptoslate.com/crypto_market_report-sitemap.xml"", ""https://cryptoslate.com/crypto_data-sitemap.xml"", ""https://cryptoslate.com/crypto_review-sitemap.xml"", ""https://cryptoslate.com/crypto_comparison-sitemap.xml"", ""https://cryptoslate.com/crypto_guide-sitemap.xml"", ""https://cryptoslate.com/crypto_media_kit-sitemap.xml"", ""https://cryptoslate.com/crypto_slide-sitemap.xml"", ""https://cryptoslate.com/category-sitemap.xml"", ""https://cryptoslate.com/crypto_law_jurisdiction-sitemap.xml"", ""https://cryptoslate.com/crypto_pitch_category-sitemap.xml"", ""https://cryptoslate.com/update_category-sitemap.xml"", ""https://cryptoslate.com/crypto_category-sitemap.xml"", ""https://cryptoslate.com/crypto_blockchain-sitemap.xml"", ""https://cryptoslate.com/coin_evergreen_category-sitemap.xml"", ""https://cryptoslate.com/vertical-sitemap.xml"", ""https://cryptoslate.com/region-sitemap.xml"", ""https://cryptoslate.com/product_category-sitemap.xml"", ""https://cryptoslate.com/person_category-sitemap.xml"", ""https://cryptoslate.com/video_category-sitemap.xml"", ""https://cryptoslate.com/video_channel-sitemap.xml"", ""https://cryptoslate.com/insight_category-sitemap.xml"", ""https://cryptoslate.com/project_report_category-sitemap.xml"", ""https://cryptoslate.com/project_report_presale-sitemap.xml"", ""https://cryptoslate.com/market_report_category-sitemap.xml"", ""https://cryptoslate.com/type-sitemap.xml"", ""https://cryptoslate.com/review_category-sitemap.xml"", ""https://cryptoslate.com/guide_category-sitemap.xml"", ""https://cryptoslate.com/guide_series-sitemap.xml"", ""https://cryptoslate.com/media_kit_category-sitemap.xml"", ""https://cryptoslate.com/places-sitemap.xml"", ""https://cryptoslate.com/crypto_news_category-sitemap.xml"", ""https://cryptoslate.com/company_news_category-sitemap.xml"", ""https://cryptoslate.com/sentiment-sitemap.xml"", ""https://cryptoslate.com/prediction_market_category-sitemap.xml"", ""https://cryptoslate.com/prediction_market_topic-sitemap.xml"", ""https://cryptoslate.com/prediction_market_interval-sitemap.xml"", ""https://cryptoslate.com/prediction_market_platform-sitemap.xml"", ""https://cryptoslate.com/author-sitemap.xml"", ""https://cryptoslate.com/news-sitemap.xml"", ""https://cryptoslate.com/sitemap.xml""]",94,200,"Crypto News, Coin Prices & Market Trends | CryptoSlate",25691,633,True,829,False,True,False,False,rss_then_article_extract,medium,active,,2026-06-15 20:16:07.702593
csmonitor_com,https://www.csmonitor.com,https://www.csmonitor.com/,csmonitor.com,https,https://www.csmonitor.com/,https://www.csmonitor.com/robots.txt,True,"[""https://www.csmonitor.com/sitemap-index.xml""]",True,True,False,,,False,[],0,True,"[""https://www.csmonitor.com/sitemap-index.xml"", ""https://www.csmonitor.com/sitemap-1980.xml"", ""https://www.csmonitor.com/sitemap-1981.xml"", ""https://www.csmonitor.com/sitemap-1982.xml"", ""https://www.csmonitor.com/sitemap-1983.xml"", ""https://www.csmonitor.com/sitemap-1984.xml"", ""https://www.csmonitor.com/sitemap-1985.xml"", ""https://www.csmonitor.com/sitemap-1986.xml"", ""https://www.csmonitor.com/sitemap-1987.xml"", ""https://www.csmonitor.com/sitemap-1988.xml"", ""https://www.csmonitor.com/sitemap-1989.xml"", ""https://www.csmonitor.com/sitemap-1990.xml"", ""https://www.csmonitor.com/sitemap-1991.xml"", ""https://www.csmonitor.com/sitemap-1992.xml"", ""https://www.csmonitor.com/sitemap-1993.xml"", ""https://www.csmonitor.com/sitemap-1994.xml"", ""https://www.csmonitor.com/sitemap-1995.xml"", ""https://www.csmonitor.com/sitemap-1996.xml"", ""https://www.csmonitor.com/sitemap-1997.xml"", ""https://www.csmonitor.com/sitemap-1998.xml"", ""https://www.csmonitor.com/sitemap-1999.xml"", ""https://www.csmonitor.com/sitemap-2000.xml"", ""https://www.csmonitor.com/sitemap-2001.xml"", ""https://www.csmonitor.com/sitemap-2002.xml"", ""https://www.csmonitor.com/sitemap-2003.xml"", ""https://www.csmonitor.com/sitemap-2004.xml"", ""https://www.csmonitor.com/sitemap-2005.xml"", ""https://www.csmonitor.com/sitemap-2006.xml"", ""https://www.csmonitor.com/sitemap-2007.xml"", ""https://www.csmonitor.com/sitemap-2008-auto-1.xml"", ""https://www.csmonitor.com/sitemap-2009-auto-1.xml"", ""https://www.csmonitor.com/sitemap-2010-auto-1.xml"", ""https://www.csmonitor.com/sitemap-2011-auto-1.xml"", ""https://www.csmonitor.com/sitemap-2012-auto-1.xml"", ""https://www.csmonitor.com/sitemap-2013-auto-1.xml"", ""https://www.csmonitor.com/sitemap-2014-auto-1.xml"", ""https://www.csmonitor.com/sitemap-2015-auto-1.xml"", ""https://www.csmonitor.com/sitemap-2016-auto-1.xml"", ""https://www.csmonitor.com/sitemap-2017-auto-1.xml"", ""https://www.csmonitor.com/sitemap-2018-auto-1.xml"", ""https://www.csmonitor.com/sitemap-2019-auto-1.xml"", ""https://www.csmonitor.com/sitemap-2020-auto-1.xml"", ""https://www.csmonitor.com/sitemap-2021-auto-1.xml"", ""https://www.csmonitor.com/sitemap-2022-auto-1.xml"", ""https://www.csmonitor.com/sitemap-2023-auto-1.xml"", ""https://www.csmonitor.com/sitemap-2024-auto-1.xml"", ""http://www.csmonitor.com/sitemap-2025-auto-1.xml"", ""http://www.csmonitor.com/sitemap-2026-auto-1.xml"", ""https://www.csmonitor.com/sitemap-news-auto-1.xml"", ""https://www.csmonitor.com/sitemap-daily-intros-1.xml"", ""https://www.csmonitor.com/sitemap.xml"", ""https://www.csmonitor.com/sitemap.xml.gz""]",52,200,Christian Science Monitor - CSMonitor.com,10217,182,True,4062,False,True,False,True,sitemap_then_article_extract,medium,active,,2026-06-15 20:15:51.366538
dantri_com_vn,https://dantri.com.vn/kinh-doanh.htm,https://dantri.com.vn/kinh-doanh.htm,dantri.com.vn,https,https://dantri.com.vn/kinh-doanh.htm,https://dantri.com.vn/robots.txt,True,"[""https://dantri.com.vn/sitemaps/category-sitemap.xml"", ""https://dantri.com.vn/sitemaps/articles.xml"", ""https://dantri.com.vn/sitemaps/Videos.xml"", ""https://dantri.com.vn/google-news-sitemap.xml"", ""https://dantri.com.vn/sitemaps/collection-sitemap.xml""]",True,True,False,,,True,"[""https://dantri.com.vn/rss/kinh-doanh.rss""]",1,True,"[""https://dantri.com.vn/sitemaps/category-sitemap.xml"", ""https://dantri.com.vn/sitemaps/articles.xml"", ""https://dantri.com.vn/sitemaps/Article-2026-06-01.xml"", ""https://dantri.com.vn/sitemaps/Article-2026-05-01.xml"", ""https://dantri.com.vn/sitemaps/Article-2026-04-01.xml"", ""https://dantri.com.vn/sitemaps/Article-2026-03-01.xml"", ""https://dantri.com.vn/sitemaps/Article-2026-02-01.xml"", ""https://dantri.com.vn/sitemaps/Article-2026-01-01.xml"", ""https://dantri.com.vn/sitemaps/Article-2025-12-01.xml"", ""https://dantri.com.vn/sitemaps/Article-2025-11-01.xml"", ""https://dantri.com.vn/sitemaps/Article-2025-10-01.xml"", ""https://dantri.com.vn/sitemaps/Article-2025-09-01.xml"", ""https://dantri.com.vn/sitemaps/Article-2025-08-01.xml"", ""https://dantri.com.vn/sitemaps/Article-2025-07-01.xml"", ""https://dantri.com.vn/sitemaps/Article-2025-06-01.xml"", ""https://dantri.com.vn/sitemaps/Article-2025-05-01.xml"", ""https://dantri.com.vn/sitemaps/Article-2025-04-01.xml"", ""https://dantri.com.vn/sitemaps/Article-2025-03-01.xml"", ""https://dantri.com.vn/sitemaps/Article-2025-02-01.xml"", ""https://dantri.com.vn/sitemaps/Article-2025-01-01.xml"", ""https://dantri.com.vn/sitemaps/Article-2024-12-01.xml"", ""https://dantri.com.vn/sitemaps/Article-2024-11-01.xml"", ""https://dantri.com.vn/sitemaps/Article-2024-10-01.xml"", ""https://dantri.com.vn/sitemaps/Article-2024-09-01.xml"", ""https://dantri.com.vn/sitemaps/Article-2024-08-01.xml"", ""https://dantri.com.vn/sitemaps/Article-2024-07-01.xml"", ""https://dantri.com.vn/sitemaps/Article-2024-06-01.xml"", ""https://dantri.com.vn/sitemaps/Article-2024-05-01.xml"", ""https://dantri.com.vn/sitemaps/Article-2024-04-01.xml"", ""https://dantri.com.vn/sitemaps/Article-2024-03-01.xml"", ""https://dantri.com.vn/sitemaps/Article-2024-02-01.xml"", ""https://dantri.com.vn/sitemaps/Article-2024-01-01.xml"", ""https://dantri.com.vn/sitemaps/Article-2023-12-01.xml"", ""https://dantri.com.vn/sitemaps/Article-2023-11-01.xml"", ""https://dantri.com.vn/sitemaps/Article-2023-10-01.xml"", ""https://dantri.com.vn/sitemaps/Article-2023-09-01.xml"", ""https://dantri.com.vn/sitemaps/Article-2023-08-01.xml"", ""https://dantri.com.vn/sitemaps/Article-2023-07-01.xml"", ""https://dantri.com.vn/sitemaps/Article-2023-06-01.xml"", ""https://dantri.com.vn/sitemaps/Article-2023-05-01.xml"", ""https://dantri.com.vn/sitemaps/Article-2023-04-01.xml"", ""https://dantri.com.vn/sitemaps/Article-2023-03-01.xml"", ""https://dantri.com.vn/sitemaps/Article-2023-02-01.xml"", ""https://dantri.com.vn/sitemaps/Article-2023-01-01.xml"", ""https://dantri.com.vn/sitemaps/Article-2022-12-01.xml"", ""https://dantri.com.vn/sitemaps/Article-2022-11-01.xml"", ""https://dantri.com.vn/sitemaps/Article-2022-10-01.xml"", ""https://dantri.com.vn/sitemaps/Article-2022-09-01.xml"", ""https://dantri.com.vn/sitemaps/Article-2022-08-01.xml"", ""https://dantri.com.vn/sitemaps/Article-2022-07-01.xml"", ""https://dantri.com.vn/sitemaps/Article-2022-06-01.xml"", ""https://dantri.com.vn/sitemaps/Article-2022-05-01.xml"", ""https://dantri.com.vn/sitemaps/Article-2022-04-01.xml"", ""https://dantri.com.vn/sitemaps/Article-2022-03-01.xml"", ""https://dantri.com.vn/sitemaps/Article-2022-02-01.xml"", ""https://dantri.com.vn/sitemaps/Article-2022-01-01.xml"", ""https://dantri.com.vn/sitemaps/Article-2021-12-01.xml"", ""https://dantri.com.vn/sitemaps/Article-2021-11-01.xml"", ""https://dantri.com.vn/sitemaps/Article-2021-10-01.xml"", ""https://dantri.com.vn/sitemaps/Article-2021-09-01.xml"", ""https://dantri.com.vn/sitemaps/Article-2021-08-01.xml"", ""https://dantri.com.vn/sitemaps/Article-2021-07-01.xml"", ""https://dantri.com.vn/sitemaps/Article-2021-06-01.xml"", ""https://dantri.com.vn/sitemaps/Article-2021-05-01.xml"", ""https://dantri.com.vn/sitemaps/Article-2021-04-01.xml"", ""https://dantri.com.vn/sitemaps/Article-2021-03-01.xml"", ""https://dantri.com.vn/sitemaps/Article-2021-02-01.xml"", ""https://dantri.com.vn/sitemaps/Article-2021-01-01.xml"", ""https://dantri.com.vn/sitemaps/Article-2020-12-01.xml"", ""https://dantri.com.vn/sitemaps/Article-2020-11-01.xml"", ""https://dantri.com.vn/sitemaps/Article-2020-10-01.xml"", ""https://dantri.com.vn/sitemaps/Article-2020-09-01.xml"", ""https://dantri.com.vn/sitemaps/Article-2020-08-01.xml"", ""https://dantri.com.vn/sitemaps/Article-2020-07-01.xml"", ""https://dantri.com.vn/sitemaps/Article-2020-06-01.xml"", ""https://dantri.com.vn/sitemaps/Article-2020-05-01.xml"", ""https://dantri.com.vn/sitemaps/Article-2020-04-01.xml"", ""https://dantri.com.vn/sitemaps/Article-2020-03-01.xml"", ""https://dantri.com.vn/sitemaps/Article-2020-02-01.xml"", ""https://dantri.com.vn/sitemaps/Article-2020-01-01.xml"", ""https://dantri.com.vn/sitemaps/Article-2019-12-01.xml"", ""https://dantri.com.vn/sitemaps/Article-2019-11-01.xml"", ""https://dantri.com.vn/sitemaps/Article-2019-10-01.xml"", ""https://dantri.com.vn/sitemaps/Article-2019-09-01.xml"", ""https://dantri.com.vn/sitemaps/Article-2019-08-01.xml"", ""https://dantri.com.vn/sitemaps/Article-2019-07-01.xml"", ""https://dantri.com.vn/sitemaps/Article-2019-06-01.xml"", ""https://dantri.com.vn/sitemaps/Article-2019-05-01.xml"", ""https://dantri.com.vn/sitemaps/Article-2019-04-01.xml"", ""https://dantri.com.vn/sitemaps/Article-2019-03-01.xml"", ""https://dantri.com.vn/sitemaps/Article-2019-02-01.xml"", ""https://dantri.com.vn/sitemaps/Article-2019-01-01.xml"", ""https://dantri.com.vn/sitemaps/Article-2018-12-01.xml"", ""https://dantri.com.vn/sitemaps/Article-2018-11-01.xml"", ""https://dantri.com.vn/sitemaps/Article-2018-10-01.xml"", ""https://dantri.com.vn/sitemaps/Article-2018-09-01.xml"", ""https://dantri.com.vn/sitemaps/Article-2018-08-01.xml"", ""https://dantri.com.vn/sitemaps/Article-2018-07-01.xml"", ""https://dantri.com.vn/sitemaps/Article-2018-06-01.xml"", ""https://dantri.com.vn/sitemaps/Article-2018-05-01.xml"", ""https://dantri.com.vn/sitemaps/Article-2018-04-01.xml"", ""https://dantri.com.vn/sitemaps/Article-2018-03-01.xml"", ""https://dantri.com.vn/sitemaps/Article-2018-02-01.xml"", ""https://dantri.com.vn/sitemaps/Article-2018-01-01.xml"", ""https://dantri.com.vn/sitemaps/Article-2017-12-01.xml"", ""https://dantri.com.vn/sitemaps/Article-2017-11-01.xml"", ""https://dantri.com.vn/sitemaps/Article-2017-10-01.xml"", ""https://dantri.com.vn/sitemaps/Article-2017-09-01.xml"", ""https://dantri.com.vn/sitemaps/Article-2017-08-01.xml"", ""https://dantri.com.vn/sitemaps/Article-2017-07-01.xml"", ""https://dantri.com.vn/sitemaps/Article-2017-06-01.xml"", ""https://dantri.com.vn/sitemaps/Article-2017-05-01.xml"", ""https://dantri.com.vn/sitemaps/Article-2017-04-01.xml"", ""https://dantri.com.vn/sitemaps/Article-2017-03-01.xml"", ""https://dantri.com.vn/sitemaps/Article-2017-02-01.xml"", ""https://dantri.com.vn/sitemaps/Article-2017-01-01.xml"", ""https://dantri.com.vn/sitemaps/Article-2016-12-01.xml"", ""https://dantri.com.vn/sitemaps/Article-2016-11-01.xml"", ""https://dantri.com.vn/sitemaps/Article-2016-10-01.xml"", ""https://dantri.com.vn/sitemaps/Article-2016-09-01.xml""]",120,200,"Tin kinh doanh: Thị trường, tài chính, kinh tế, doanh nghiệp | Báo Dân trí",11831,462,True,1138,False,True,True,False,rss_then_article_extract,medium,active,,2026-06-15 20:15:43.026836
decrypt_co,https://decrypt.co/news,https://decrypt.co/news,decrypt.co,https,https://decrypt.co/news,https://decrypt.co/robots.txt,True,"[""https://decrypt.co/sitemap_index.xml"", ""https://decrypt.co/es/sitemap_index.xml"", ""https://decrypt.co/fr/sitemap_index.xml""]",False,True,False,,,True,"[""https://decrypt.co/feed""]",1,True,"[""https://decrypt.co/sitemap_index.xml"", ""https://decrypt.co/post-sitemap.xml"", ""https://decrypt.co/post-sitemap2.xml"", ""https://decrypt.co/post-sitemap3.xml"", ""https://decrypt.co/post-sitemap4.xml"", ""https://decrypt.co/post-sitemap5.xml"", ""https://decrypt.co/post-sitemap6.xml"", ""https://decrypt.co/post-sitemap7.xml"", ""https://decrypt.co/post-sitemap20.xml"", ""https://decrypt.co/post-sitemap34.xml"", ""https://decrypt.co/post-sitemap35.xml"", ""https://decrypt.co/post-sitemap36.xml"", ""https://decrypt.co/post-sitemap37.xml"", ""https://decrypt.co/page-sitemap.xml"", ""https://decrypt.co/person_profile-sitemap.xml"", ""https://decrypt.co/project_profile-sitemap.xml"", ""https://decrypt.co/course-sitemap.xml"", ""https://decrypt.co/category-sitemap.xml"", ""https://decrypt.co/collection-sitemap.xml"", ""https://decrypt.co/link-sitemap.xml"", ""https://decrypt.co/author-sitemap.xml"", ""https://decrypt.co/video-sitemap.xml"", ""https://decrypt.co/es/sitemap_index.xml"", ""https://decrypt.co/es/post-sitemap.xml"", ""https://decrypt.co/es/post-sitemap2.xml"", ""https://decrypt.co/es/post-sitemap3.xml"", ""https://decrypt.co/es/post-sitemap4.xml"", ""https://decrypt.co/es/post-sitemap5.xml"", ""https://decrypt.co/es/post-sitemap6.xml"", ""https://decrypt.co/es/post-sitemap7.xml"", ""https://decrypt.co/es/post-sitemap8.xml"", ""https://decrypt.co/es/post-sitemap9.xml"", ""https://decrypt.co/es/post-sitemap10.xml"", ""https://decrypt.co/es/post-sitemap11.xml"", ""https://decrypt.co/es/post-sitemap12.xml"", ""https://decrypt.co/es/post-sitemap13.xml"", ""https://decrypt.co/es/post-sitemap14.xml"", ""https://decrypt.co/es/post-sitemap15.xml"", ""https://decrypt.co/es/post-sitemap16.xml"", ""https://decrypt.co/es/post-sitemap17.xml"", ""https://decrypt.co/es/post-sitemap18.xml"", ""https://decrypt.co/es/post-sitemap19.xml"", ""https://decrypt.co/es/post-sitemap20.xml"", ""https://decrypt.co/es/post-sitemap21.xml"", ""https://decrypt.co/es/post-sitemap22.xml"", ""https://decrypt.co/es/post-sitemap23.xml"", ""https://decrypt.co/es/post-sitemap24.xml"", ""https://decrypt.co/es/post-sitemap25.xml"", ""https://decrypt.co/es/post-sitemap26.xml"", ""https://decrypt.co/es/post-sitemap27.xml"", ""https://decrypt.co/es/post-sitemap28.xml"", ""https://decrypt.co/es/post-sitemap29.xml"", ""https://decrypt.co/es/post-sitemap30.xml"", ""https://decrypt.co/es/post-sitemap31.xml"", ""https://decrypt.co/es/post-sitemap32.xml"", ""https://decrypt.co/es/post-sitemap33.xml"", ""https://decrypt.co/es/post-sitemap34.xml"", ""https://decrypt.co/es/post-sitemap35.xml"", ""https://decrypt.co/es/post-sitemap36.xml"", ""https://decrypt.co/es/post-sitemap37.xml"", ""https://decrypt.co/es/page-sitemap.xml"", ""https://decrypt.co/es/person_profile-sitemap.xml"", ""https://decrypt.co/es/project_profile-sitemap.xml"", ""https://decrypt.co/es/course-sitemap.xml"", ""https://decrypt.co/es/category-sitemap.xml"", ""https://decrypt.co/es/collection-sitemap.xml"", ""https://decrypt.co/es/link-sitemap.xml"", ""https://decrypt.co/es/author-sitemap.xml"", ""https://decrypt.co/fr/sitemap_index.xml"", ""https://decrypt.co/fr/post-sitemap.xml"", ""https://decrypt.co/fr/post-sitemap2.xml"", ""https://decrypt.co/fr/post-sitemap3.xml"", ""https://decrypt.co/fr/post-sitemap4.xml"", ""https://decrypt.co/fr/post-sitemap5.xml"", ""https://decrypt.co/fr/post-sitemap6.xml"", ""https://decrypt.co/fr/post-sitemap7.xml"", ""https://decrypt.co/fr/post-sitemap8.xml"", ""https://decrypt.co/fr/post-sitemap9.xml"", ""https://decrypt.co/fr/post-sitemap10.xml"", ""https://decrypt.co/fr/post-sitemap11.xml"", ""https://decrypt.co/fr/post-sitemap12.xml"", ""https://decrypt.co/fr/post-sitemap13.xml"", ""https://decrypt.co/fr/post-sitemap14.xml"", ""https://decrypt.co/fr/post-sitemap15.xml"", ""https://decrypt.co/fr/post-sitemap16.xml"", ""https://decrypt.co/fr/post-sitemap17.xml"", ""https://decrypt.co/fr/post-sitemap18.xml"", ""https://decrypt.co/fr/post-sitemap19.xml"", ""https://decrypt.co/fr/post-sitemap20.xml"", ""https://decrypt.co/fr/post-sitemap21.xml"", ""https://decrypt.co/fr/post-sitemap22.xml"", ""https://decrypt.co/fr/post-sitemap23.xml"", ""https://decrypt.co/fr/post-sitemap24.xml"", ""https://decrypt.co/fr/post-sitemap25.xml"", ""https://decrypt.co/fr/post-sitemap26.xml"", ""https://decrypt.co/fr/post-sitemap27.xml"", ""https://decrypt.co/fr/post-sitemap28.xml"", ""https://decrypt.co/fr/post-sitemap29.xml"", ""https://decrypt.co/fr/post-sitemap30.xml"", ""https://decrypt.co/fr/post-sitemap31.xml"", ""https://decrypt.co/fr/post-sitemap32.xml"", ""https://decrypt.co/fr/post-sitemap33.xml"", ""https://decrypt.co/fr/post-sitemap34.xml"", ""https://decrypt.co/fr/post-sitemap35.xml"", ""https://decrypt.co/fr/post-sitemap36.xml"", ""https://decrypt.co/fr/post-sitemap37.xml"", ""https://decrypt.co/fr/page-sitemap.xml"", ""https://decrypt.co/fr/person_profile-sitemap.xml"", ""https://decrypt.co/fr/project_profile-sitemap.xml"", ""https://decrypt.co/fr/course-sitemap.xml"", ""https://decrypt.co/fr/category-sitemap.xml"", ""https://decrypt.co/fr/collection-sitemap.xml"", ""https://decrypt.co/fr/link-sitemap.xml"", ""https://decrypt.co/fr/author-sitemap.xml""]",114,200,News - Decrypt,10114,310,True,4764,True,True,True,True,rss_then_article_extract,medium,active,,2026-06-15 20:16:06.515338
engadget_com,https://www.engadget.com,https://www.engadget.com/,engadget.com,https,https://www.engadget.com/,https://www.engadget.com/robots.txt,True,"[""https://www.engadget.com/sitemap_index.xml"", ""https://www.engadget.com/?getfeed=google""]",True,True,False,,,True,"[""https://www.engadget.com/category/news/feed/""]",1,True,"[""https://www.engadget.com/sitemap_index.xml"", ""https://www.engadget.com/post-sitemap1.xml"", ""https://www.engadget.com/legacy-sitemap1.xml"", ""https://www.engadget.com/legacy-sitemap2.xml"", ""https://www.engadget.com/legacy-sitemap3.xml"", ""https://www.engadget.com/legacy-sitemap4.xml"", ""https://www.engadget.com/legacy-sitemap5.xml"", ""https://www.engadget.com/legacy-sitemap6.xml"", ""https://www.engadget.com/legacy-sitemap7.xml"", ""https://www.engadget.com/legacy-sitemap8.xml"", ""https://www.engadget.com/legacy-sitemap9.xml"", ""https://www.engadget.com/legacy-sitemap10.xml"", ""https://www.engadget.com/legacy-sitemap11.xml"", ""https://www.engadget.com/legacy-sitemap12.xml"", ""https://www.engadget.com/legacy-sitemap13.xml"", ""https://www.engadget.com/legacy-sitemap14.xml"", ""https://www.engadget.com/legacy-sitemap15.xml"", ""https://www.engadget.com/legacy-sitemap16.xml"", ""https://www.engadget.com/legacy-sitemap17.xml"", ""https://www.engadget.com/legacy-sitemap18.xml"", ""https://www.engadget.com/legacy-sitemap19.xml"", ""https://www.engadget.com/legacy-sitemap20.xml"", ""https://www.engadget.com/legacy-sitemap21.xml"", ""https://www.engadget.com/legacy-sitemap22.xml"", ""https://www.engadget.com/legacy-sitemap23.xml"", ""https://www.engadget.com/legacy-sitemap24.xml"", ""https://www.engadget.com/legacy-sitemap25.xml"", ""https://www.engadget.com/legacy-sitemap26.xml"", ""https://www.engadget.com/legacy-sitemap27.xml"", ""https://www.engadget.com/legacy-sitemap28.xml"", ""https://www.engadget.com/legacy-sitemap29.xml"", ""https://www.engadget.com/legacy-sitemap30.xml"", ""https://www.engadget.com/legacy-sitemap31.xml"", ""https://www.engadget.com/legacy-sitemap32.xml"", ""https://www.engadget.com/legacy-sitemap33.xml"", ""https://www.engadget.com/legacy-sitemap34.xml"", ""https://www.engadget.com/legacy-sitemap35.xml"", ""https://www.engadget.com/legacy-sitemap36.xml"", ""https://www.engadget.com/legacy-sitemap37.xml"", ""https://www.engadget.com/legacy-sitemap38.xml"", ""https://www.engadget.com/legacy-sitemap39.xml"", ""https://www.engadget.com/legacy-sitemap40.xml"", ""https://www.engadget.com/legacy-sitemap41.xml"", ""https://www.engadget.com/legacy-sitemap42.xml"", ""https://www.engadget.com/legacy-sitemap43.xml"", ""https://www.engadget.com/legacy-sitemap44.xml"", ""https://www.engadget.com/legacy-sitemap45.xml"", ""https://www.engadget.com/legacy-sitemap46.xml"", ""https://www.engadget.com/legacy-sitemap47.xml"", ""https://www.engadget.com/legacy-sitemap48.xml"", ""https://www.engadget.com/legacy-sitemap49.xml"", ""https://www.engadget.com/legacy-sitemap50.xml"", ""https://www.engadget.com/legacy-sitemap51.xml"", ""https://www.engadget.com/legacy-sitemap52.xml"", ""https://www.engadget.com/legacy-sitemap53.xml"", ""https://www.engadget.com/author-sitemap.xml"", ""https://www.engadget.com/category-sitemap.xml"", ""https://www.engadget.com/?getfeed=google"", ""https://www.engadget.com/news-sitemap.xml""]",59,200,Engadget | Technology News & Expert Reviews,8624,309,True,3116,False,True,False,True,rss_then_article_extract,medium,active,,2026-06-15 20:15:43.038415
genk_vn,https://genk.vn,https://genk.vn/,genk.vn,https,https://genk.vn/,https://genk.vn/robots.txt,True,"[""https://genk.vn/sitemap.xml""]",False,True,False,,,True,"[""https://genk.vn/rss/home.rss""]",1,True,"[""https://genk.vn/sitemap.xml"", ""https://genk.vn/sitemaps/category.rss"", ""https://genk.vn/google-news-sitemap.xml"", ""https://genk.vn/latestnews-sitemap.xml"", ""https://genk.vn/StaticSitemaps/sitemaps-2026-1-1-5.xml"", ""https://genk.vn/StaticSitemaps/sitemaps-2026-1-6-10.xml"", ""https://genk.vn/StaticSitemaps/sitemaps-2026-1-11-15.xml"", ""https://genk.vn/StaticSitemaps/sitemaps-2026-1-16-20.xml"", ""https://genk.vn/StaticSitemaps/sitemaps-2026-1-21-25.xml"", ""https://genk.vn/StaticSitemaps/sitemaps-2025-12-1-5.xml"", ""https://genk.vn/StaticSitemaps/sitemaps-2025-12-6-10.xml"", ""https://genk.vn/StaticSitemaps/sitemaps-2025-12-11-15.xml"", ""https://genk.vn/StaticSitemaps/sitemaps-2025-12-16-20.xml"", ""https://genk.vn/StaticSitemaps/sitemaps-2025-12-21-25.xml"", ""https://genk.vn/StaticSitemaps/sitemaps-2025-12-26-31.xml"", ""https://genk.vn/StaticSitemaps/sitemaps-2025-11-1-5.xml"", ""https://genk.vn/StaticSitemaps/sitemaps-2025-11-6-10.xml"", ""https://genk.vn/StaticSitemaps/sitemaps-2025-11-11-15.xml"", ""https://genk.vn/StaticSitemaps/sitemaps-2025-11-16-20.xml"", ""https://genk.vn/StaticSitemaps/sitemaps-2025-11-21-25.xml"", ""https://genk.vn/StaticSitemaps/sitemaps-2025-11-26-30.xml""]",21,200,Trang thông tin dành cho tín đồ công nghệ | GenK.vn,14632,215,True,9036,False,True,False,True,rss_then_article_extract,medium,active,,2026-06-15 20:15:43.034580
imf_org,https://www.imf.org/en/countries/vnm,https://www.imf.org/en/countries/vnm,imf.org,https,https://www.imf.org/en/countries/vnm,https://www.imf.org/robots.txt,True,"[""https://www.imf.org/sitemap.xml""]",True,True,False,,,False,[],0,False,[],0,200,Vietnam and the IMF,7273,212,True,2040,False,True,True,True,html_then_trafilatura,medium,active_candidate,,2026-06-15 20:15:43.033921
khoahoc_tv,https://khoahoc.tv,https://khoahoc.tv/,khoahoc.tv,https,https://khoahoc.tv/,https://khoahoc.tv/robots.txt,True,[],False,True,False,,,False,[],0,False,[],0,200,KhoaHoc.tv: Khoa học - Công nghệ - Tri Thức - Khám phá,5567,102,True,4072,False,True,True,False,html_then_trafilatura,medium,active_candidate,,2026-06-15 20:15:43.038729
livescience_com,https://www.livescience.com,https://www.livescience.com/,livescience.com,https,https://www.livescience.com/,https://www.livescience.com/robots.txt,True,"[""https://www.livescience.com/sitemap.xml"", ""https://www.livescience.com/sitemap-news.xml""]",True,True,False,,,True,"[""https://www.livescience.com/feeds.xml""]",1,True,"[""https://www.livescience.com/sitemap.xml"", ""https://www.livescience.com/sitemap-news.xml"", ""https://www.livescience.com/sitemap-authors.xml"", ""https://www.livescience.com/sitemap-basic.xml"", ""https://www.livescience.com/sitemap-article-types.xml"", ""https://www.livescience.com/sitemap-archive.xml"", ""https://www.livescience.com/sitemap-2026-06.xml"", ""https://www.livescience.com/sitemap-2026-05.xml"", ""https://www.livescience.com/sitemap-2026-04.xml"", ""https://www.livescience.com/sitemap-2026-03.xml"", ""https://www.livescience.com/sitemap-2026-02.xml"", ""https://www.livescience.com/sitemap-2026-01.xml"", ""https://www.livescience.com/sitemap-2025-12.xml"", ""https://www.livescience.com/sitemap-2025-11.xml"", ""https://www.livescience.com/sitemap-2025-10.xml"", ""https://www.livescience.com/sitemap-2025-09.xml"", ""https://www.livescience.com/sitemap-2025-08.xml"", ""https://www.livescience.com/sitemap-2025-07.xml"", ""https://www.livescience.com/sitemap-2025-06.xml"", ""https://www.livescience.com/sitemap-2025-05.xml"", ""https://www.livescience.com/sitemap-2025-04.xml"", ""https://www.livescience.com/sitemap-2025-03.xml"", ""https://www.livescience.com/sitemap-2025-02.xml"", ""https://www.livescience.com/sitemap-2025-01.xml"", ""https://www.livescience.com/sitemap-2024-12.xml"", ""https://www.livescience.com/sitemap-2024-11.xml"", ""https://www.livescience.com/sitemap-2024-10.xml"", ""https://www.livescience.com/sitemap-2024-09.xml"", ""https://www.livescience.com/sitemap-2024-08.xml"", ""https://www.livescience.com/sitemap-2024-07.xml"", ""https://www.livescience.com/sitemap-2024-06.xml"", ""https://www.livescience.com/sitemap-2024-05.xml"", ""https://www.livescience.com/sitemap-2024-04.xml"", ""https://www.livescience.com/sitemap-2024-03.xml"", ""https://www.livescience.com/sitemap-2024-02.xml"", ""https://www.livescience.com/sitemap-2024-01.xml"", ""https://www.livescience.com/sitemap-2023-12.xml"", ""https://www.livescience.com/sitemap-2023-11.xml"", ""https://www.livescience.com/sitemap-2023-10.xml"", ""https://www.livescience.com/sitemap-2023-09.xml"", ""https://www.livescience.com/sitemap-2023-08.xml"", ""https://www.livescience.com/sitemap-2023-07.xml"", ""https://www.livescience.com/sitemap-2023-06.xml"", ""https://www.livescience.com/sitemap-2023-05.xml"", ""https://www.livescience.com/sitemap-2023-04.xml"", ""https://www.livescience.com/sitemap-2023-03.xml"", ""https://www.livescience.com/sitemap-2023-02.xml"", ""https://www.livescience.com/sitemap-2023-01.xml"", ""https://www.livescience.com/sitemap-2022-12.xml"", ""https://www.livescience.com/sitemap-2022-11.xml"", ""https://www.livescience.com/sitemap-2022-10.xml"", ""https://www.livescience.com/sitemap-2022-09.xml"", ""https://www.livescience.com/sitemap-2022-08.xml"", ""https://www.livescience.com/sitemap-2022-07.xml"", ""https://www.livescience.com/sitemap-2022-06.xml"", ""https://www.livescience.com/sitemap-2022-05.xml"", ""https://www.livescience.com/sitemap-2022-04.xml"", ""https://www.livescience.com/sitemap-2022-03.xml"", ""https://www.livescience.com/sitemap-2022-02.xml"", ""https://www.livescience.com/sitemap-2022-01.xml"", ""https://www.livescience.com/sitemap-2021-12.xml"", ""https://www.livescience.com/sitemap-2021-11.xml"", ""https://www.livescience.com/sitemap-2021-10.xml"", ""https://www.livescience.com/sitemap-2021-09.xml"", ""https://www.livescience.com/sitemap-2021-08.xml"", ""https://www.livescience.com/sitemap-2021-07.xml"", ""https://www.livescience.com/sitemap-2021-06.xml"", ""https://www.livescience.com/sitemap-2021-05.xml"", ""https://www.livescience.com/sitemap-2021-04.xml"", ""https://www.livescience.com/sitemap-2021-03.xml"", ""https://www.livescience.com/sitemap-2021-02.xml"", ""https://www.livescience.com/sitemap-2021-01.xml"", ""https://www.livescience.com/sitemap-2020-12.xml"", ""https://www.livescience.com/sitemap-2020-11.xml"", ""https://www.livescience.com/sitemap-2020-10.xml"", ""https://www.livescience.com/sitemap-2020-09.xml"", ""https://www.livescience.com/sitemap-2020-08.xml"", ""https://www.livescience.com/sitemap-2020-07.xml"", ""https://www.livescience.com/sitemap-2020-06.xml"", ""https://www.livescience.com/sitemap-2020-05.xml"", ""https://www.livescience.com/sitemap-2020-04.xml"", ""https://www.livescience.com/sitemap-2020-03.xml"", ""https://www.livescience.com/sitemap-2020-02.xml"", ""https://www.livescience.com/sitemap-2020-01.xml"", ""https://www.livescience.com/sitemap-2019-12.xml"", ""https://www.livescience.com/sitemap-2019-11.xml"", ""https://www.livescience.com/sitemap-2019-10.xml"", ""https://www.livescience.com/sitemap-2019-09.xml"", ""https://www.livescience.com/sitemap-2019-08.xml"", ""https://www.livescience.com/sitemap-2019-07.xml"", ""https://www.livescience.com/sitemap-2019-06.xml"", ""https://www.livescience.com/sitemap-2019-05.xml"", ""https://www.livescience.com/sitemap-2019-04.xml"", ""https://www.livescience.com/sitemap-2019-03.xml"", ""https://www.livescience.com/sitemap-2019-02.xml"", ""https://www.livescience.com/sitemap-2019-01.xml"", ""https://www.livescience.com/sitemap-2018-12.xml"", ""https://www.livescience.com/sitemap-2018-11.xml"", ""https://www.livescience.com/sitemap-2018-10.xml"", ""https://www.livescience.com/sitemap-2018-09.xml"", ""https://www.livescience.com/sitemap-2018-08.xml"", ""https://www.livescience.com/sitemap-2018-07.xml"", ""https://www.livescience.com/sitemap-2018-06.xml"", ""https://www.livescience.com/sitemap-2018-05.xml"", ""https://www.livescience.com/sitemap-2018-04.xml"", ""https://www.livescience.com/sitemap-2018-03.xml"", ""https://www.livescience.com/sitemap-2018-02.xml"", ""https://www.livescience.com/sitemap-2018-01.xml"", ""https://www.livescience.com/sitemap-2017-12.xml"", ""https://www.livescience.com/sitemap-2017-11.xml"", ""https://www.livescience.com/sitemap-2017-10.xml"", ""https://www.livescience.com/sitemap-2017-09.xml"", ""https://www.livescience.com/sitemap-2017-08.xml"", ""https://www.livescience.com/sitemap-2017-07.xml"", ""https://www.livescience.com/sitemap-2017-06.xml"", ""https://www.livescience.com/sitemap-2017-05.xml"", ""https://www.livescience.com/sitemap-2017-04.xml"", ""https://www.livescience.com/sitemap-2017-03.xml"", ""https://www.livescience.com/sitemap-2017-02.xml"", ""https://www.livescience.com/sitemap-2017-01.xml""]",120,200,Live Science | Latest science news and articles for those with curious minds,23144,448,True,456,False,True,False,True,rss_then_article_extract,medium,active,,2026-06-15 20:15:43.040559
oilprice_com,https://oilprice.com,https://oilprice.com/,oilprice.com,https,https://oilprice.com/,https://oilprice.com/robots.txt,True,"[""https://oilprice.com/sitemap_index.xml"", ""https://oilprice.com/sitemap.xml"", ""https://oilprice.com/googlenews.xml""]",True,True,False,,,True,"[""https://oilprice.com/rss.xml""]",1,True,"[""https://oilprice.com/sitemap_index.xml"", ""https://oilprice.com/sitemap.xml"", ""https://oilprice.com/sitemap_news_2026.xml"", ""https://oilprice.com/sitemap_company_news_2026.xml"", ""https://oilprice.com/sitemap_articles_2026_6.xml"", ""https://oilprice.com/sitemap_articles_2026_5.xml"", ""https://oilprice.com/sitemap_articles_2026_4.xml"", ""https://oilprice.com/sitemap_articles_2026_3.xml"", ""https://oilprice.com/sitemap_articles_2026_2.xml"", ""https://oilprice.com/sitemap_articles_2026_1.xml"", ""https://oilprice.com/sitemap_news_2025.xml"", ""https://oilprice.com/sitemap_company_news_2025.xml"", ""https://oilprice.com/sitemap_articles_2025_12.xml"", ""https://oilprice.com/sitemap_articles_2025_11.xml"", ""https://oilprice.com/sitemap_articles_2025_10.xml"", ""https://oilprice.com/sitemap_articles_2025_9.xml"", ""https://oilprice.com/sitemap_articles_2025_8.xml"", ""https://oilprice.com/sitemap_articles_2025_7.xml"", ""https://oilprice.com/sitemap_articles_2025_6.xml"", ""https://oilprice.com/sitemap_articles_2025_5.xml"", ""https://oilprice.com/sitemap_articles_2025_4.xml"", ""https://oilprice.com/sitemap_articles_2025_3.xml"", ""https://oilprice.com/sitemap_articles_2025_2.xml"", ""https://oilprice.com/sitemap_articles_2025_1.xml"", ""https://oilprice.com/sitemap_news_2024.xml"", ""https://oilprice.com/sitemap_articles_2024_12.xml"", ""https://oilprice.com/sitemap_articles_2024_11.xml"", ""https://oilprice.com/sitemap_articles_2024_10.xml"", ""https://oilprice.com/sitemap_articles_2024_9.xml"", ""https://oilprice.com/sitemap_articles_2024_8.xml"", ""https://oilprice.com/sitemap_articles_2024_7.xml"", ""https://oilprice.com/sitemap_articles_2024_6.xml"", ""https://oilprice.com/sitemap_articles_2024_5.xml"", ""https://oilprice.com/sitemap_articles_2024_4.xml"", ""https://oilprice.com/sitemap_articles_2024_3.xml"", ""https://oilprice.com/sitemap_articles_2024_2.xml"", ""https://oilprice.com/sitemap_articles_2024_1.xml"", ""https://oilprice.com/sitemap_news_2023.xml"", ""https://oilprice.com/sitemap_articles_2023_12.xml"", ""https://oilprice.com/sitemap_articles_2023_11.xml"", ""https://oilprice.com/sitemap_articles_2023_10.xml"", ""https://oilprice.com/sitemap_articles_2023_9.xml"", ""https://oilprice.com/sitemap_articles_2023_8.xml"", ""https://oilprice.com/sitemap_articles_2023_7.xml"", ""https://oilprice.com/sitemap_articles_2023_6.xml"", ""https://oilprice.com/sitemap_articles_2023_5.xml"", ""https://oilprice.com/sitemap_articles_2023_4.xml"", ""https://oilprice.com/sitemap_articles_2023_3.xml"", ""https://oilprice.com/sitemap_articles_2023_2.xml"", ""https://oilprice.com/sitemap_articles_2023_1.xml"", ""https://oilprice.com/sitemap_news_2022.xml"", ""https://oilprice.com/sitemap_articles_2022_12.xml"", ""https://oilprice.com/sitemap_articles_2022_11.xml"", ""https://oilprice.com/sitemap_articles_2022_10.xml"", ""https://oilprice.com/sitemap_articles_2022_9.xml"", ""https://oilprice.com/sitemap_articles_2022_8.xml"", ""https://oilprice.com/sitemap_articles_2022_7.xml"", ""https://oilprice.com/sitemap_articles_2022_6.xml"", ""https://oilprice.com/sitemap_articles_2022_5.xml"", ""https://oilprice.com/sitemap_articles_2022_4.xml"", ""https://oilprice.com/sitemap_articles_2022_3.xml"", ""https://oilprice.com/sitemap_articles_2022_2.xml"", ""https://oilprice.com/sitemap_articles_2022_1.xml"", ""https://oilprice.com/sitemap_news_2021.xml"", ""https://oilprice.com/sitemap_articles_2021_12.xml"", ""https://oilprice.com/sitemap_articles_2021_11.xml"", ""https://oilprice.com/sitemap_articles_2021_10.xml"", ""https://oilprice.com/sitemap_articles_2021_9.xml"", ""https://oilprice.com/sitemap_articles_2021_8.xml"", ""https://oilprice.com/sitemap_articles_2021_7.xml"", ""https://oilprice.com/sitemap_articles_2021_6.xml"", ""https://oilprice.com/sitemap_articles_2021_5.xml"", ""https://oilprice.com/sitemap_articles_2021_4.xml"", ""https://oilprice.com/sitemap_articles_2021_3.xml"", ""https://oilprice.com/sitemap_articles_2021_2.xml"", ""https://oilprice.com/sitemap_articles_2021_1.xml"", ""https://oilprice.com/sitemap_news_2020.xml"", ""https://oilprice.com/sitemap_articles_2020_12.xml"", ""https://oilprice.com/sitemap_articles_2020_11.xml"", ""https://oilprice.com/sitemap_articles_2020_10.xml"", ""https://oilprice.com/sitemap_articles_2020_9.xml"", ""https://oilprice.com/sitemap_articles_2020_8.xml"", ""https://oilprice.com/sitemap_articles_2020_7.xml"", ""https://oilprice.com/sitemap_articles_2020_6.xml"", ""https://oilprice.com/sitemap_articles_2020_5.xml"", ""https://oilprice.com/sitemap_articles_2020_4.xml"", ""https://oilprice.com/sitemap_articles_2020_3.xml"", ""https://oilprice.com/sitemap_articles_2020_2.xml"", ""https://oilprice.com/sitemap_articles_2020_1.xml"", ""https://oilprice.com/sitemap_news_2019.xml"", ""https://oilprice.com/sitemap_articles_2019_12.xml"", ""https://oilprice.com/sitemap_articles_2019_11.xml"", ""https://oilprice.com/sitemap_articles_2019_10.xml"", ""https://oilprice.com/sitemap_articles_2019_9.xml"", ""https://oilprice.com/sitemap_articles_2019_8.xml"", ""https://oilprice.com/sitemap_articles_2019_7.xml"", ""https://oilprice.com/sitemap_articles_2019_6.xml"", ""https://oilprice.com/sitemap_articles_2019_5.xml"", ""https://oilprice.com/sitemap_articles_2019_4.xml"", ""https://oilprice.com/sitemap_articles_2019_3.xml"", ""https://oilprice.com/sitemap_articles_2019_2.xml"", ""https://oilprice.com/sitemap_articles_2019_1.xml"", ""https://oilprice.com/sitemap_news_2018.xml"", ""https://oilprice.com/sitemap_articles_2018_12.xml"", ""https://oilprice.com/sitemap_articles_2018_11.xml"", ""https://oilprice.com/sitemap_articles_2018_10.xml"", ""https://oilprice.com/sitemap_articles_2018_9.xml"", ""https://oilprice.com/sitemap_articles_2018_8.xml"", ""https://oilprice.com/sitemap_articles_2018_7.xml"", ""https://oilprice.com/sitemap_articles_2018_6.xml"", ""https://oilprice.com/sitemap_articles_2018_5.xml"", ""https://oilprice.com/sitemap_articles_2018_4.xml"", ""https://oilprice.com/sitemap_articles_2018_3.xml"", ""https://oilprice.com/sitemap_articles_2018_2.xml"", ""https://oilprice.com/sitemap_articles_2018_1.xml"", ""https://oilprice.com/sitemap_news_2017.xml"", ""https://oilprice.com/sitemap_articles_2017_12.xml"", ""https://oilprice.com/sitemap_articles_2017_11.xml"", ""https://oilprice.com/sitemap_articles_2017_10.xml"", ""https://oilprice.com/sitemap_articles_2017_9.xml""]",120,200,Crude Oil Prices Today | OilPrice.com,11204,183,True,2192,False,True,False,False,rss_then_article_extract,medium,active,,2026-06-15 20:15:43.034249
plo_vn,https://plo.vn/kinh-te,https://plo.vn/kinh-te,plo.vn,https,https://plo.vn/kinh-te,https://plo.vn/robots.txt,True,"[""https://plo.vn/sitemaps.xml"", ""https://plo.vn/sitemaps/newsindex.xml"", ""https://plo.vn/sitemaps/google-news.xml""]",True,True,False,,,False,[],0,True,"[""https://plo.vn/sitemaps.xml"", ""https://plo.vn/sitemaps/categories.xml"", ""https://plo.vn/sitemaps/topics.xml"", ""https://plo.vn/sitemaps/news-2026-6.xml"", ""https://plo.vn/sitemaps/news-2026-5.xml"", ""https://plo.vn/sitemaps/news-2026-4.xml"", ""https://plo.vn/sitemaps/news-2026-3.xml"", ""https://plo.vn/sitemaps/news-2026-2.xml"", ""https://plo.vn/sitemaps/news-2026-1.xml"", ""https://plo.vn/sitemaps/news-2025-12.xml"", ""https://plo.vn/sitemaps/news-2025-11.xml"", ""https://plo.vn/sitemaps/news-2025-10.xml"", ""https://plo.vn/sitemaps/news-2025-9.xml"", ""https://plo.vn/sitemaps/news-2025-8.xml"", ""https://plo.vn/sitemaps/news-2025-7.xml"", ""https://plo.vn/sitemaps/news-2025-6.xml"", ""https://plo.vn/sitemaps/news-2025-5.xml"", ""https://plo.vn/sitemaps/news-2025-4.xml"", ""https://plo.vn/sitemaps/news-2025-3.xml"", ""https://plo.vn/sitemaps/news-2025-2.xml"", ""https://plo.vn/sitemaps/news-2025-1.xml"", ""https://plo.vn/sitemaps/news-2024-12.xml"", ""https://plo.vn/sitemaps/news-2024-11.xml"", ""https://plo.vn/sitemaps/news-2024-10.xml"", ""https://plo.vn/sitemaps/news-2024-9.xml"", ""https://plo.vn/sitemaps/news-2024-8.xml"", ""https://plo.vn/sitemaps/news-2024-7.xml"", ""https://plo.vn/sitemaps/news-2024-6.xml"", ""https://plo.vn/sitemaps/news-2024-5.xml"", ""https://plo.vn/sitemaps/news-2024-4.xml"", ""https://plo.vn/sitemaps/news-2024-3.xml"", ""https://plo.vn/sitemaps/news-2024-2.xml"", ""https://plo.vn/sitemaps/news-2024-1.xml"", ""https://plo.vn/sitemaps/news-2023-12.xml"", ""https://plo.vn/sitemaps/news-2023-11.xml"", ""https://plo.vn/sitemaps/news-2023-10.xml"", ""https://plo.vn/sitemaps/news-2023-9.xml"", ""https://plo.vn/sitemaps/news-2023-8.xml"", ""https://plo.vn/sitemaps/news-2023-7.xml"", ""https://plo.vn/sitemaps/news-2023-6.xml"", ""https://plo.vn/sitemaps/news-2023-5.xml"", ""https://plo.vn/sitemaps/news-2023-4.xml"", ""https://plo.vn/sitemaps/news-2023-3.xml"", ""https://plo.vn/sitemaps/news-2023-2.xml"", ""https://plo.vn/sitemaps/news-2023-1.xml"", ""https://plo.vn/sitemaps/news-2022-12.xml"", ""https://plo.vn/sitemaps/news-2022-11.xml"", ""https://plo.vn/sitemaps/news-2022-10.xml"", ""https://plo.vn/sitemaps/news-2022-9.xml"", ""https://plo.vn/sitemaps/news-2022-8.xml"", ""https://plo.vn/sitemaps/news-2022-7.xml"", ""https://plo.vn/sitemaps/news-2022-6.xml"", ""https://plo.vn/sitemaps/news-2022-5.xml"", ""https://plo.vn/sitemaps/news-2022-4.xml"", ""https://plo.vn/sitemaps/news-2022-3.xml"", ""https://plo.vn/sitemaps/news-2022-2.xml"", ""https://plo.vn/sitemaps/news-2022-1.xml"", ""https://plo.vn/sitemaps/news-2021-12.xml"", ""https://plo.vn/sitemaps/news-2021-11.xml"", ""https://plo.vn/sitemaps/news-2021-10.xml"", ""https://plo.vn/sitemaps/news-2021-9.xml"", ""https://plo.vn/sitemaps/news-2021-8.xml"", ""https://plo.vn/sitemaps/news-2021-7.xml"", ""https://plo.vn/sitemaps/news-2021-6.xml"", ""https://plo.vn/sitemaps/news-2021-5.xml"", ""https://plo.vn/sitemaps/news-2021-4.xml"", ""https://plo.vn/sitemaps/news-2021-3.xml"", ""https://plo.vn/sitemaps/news-2021-2.xml"", ""https://plo.vn/sitemaps/news-2021-1.xml"", ""https://plo.vn/sitemaps/news-2020-12.xml"", ""https://plo.vn/sitemaps/news-2020-11.xml"", ""https://plo.vn/sitemaps/news-2020-10.xml"", ""https://plo.vn/sitemaps/news-2020-9.xml"", ""https://plo.vn/sitemaps/news-2020-8.xml"", ""https://plo.vn/sitemaps/news-2020-7.xml"", ""https://plo.vn/sitemaps/news-2020-6.xml"", ""https://plo.vn/sitemaps/news-2020-5.xml"", ""https://plo.vn/sitemaps/news-2020-4.xml"", ""https://plo.vn/sitemaps/news-2020-3.xml"", ""https://plo.vn/sitemaps/news-2020-2.xml"", ""https://plo.vn/sitemaps/news-2020-1.xml"", ""https://plo.vn/sitemaps/news-2019-12.xml"", ""https://plo.vn/sitemaps/news-2019-11.xml"", ""https://plo.vn/sitemaps/news-2019-10.xml"", ""https://plo.vn/sitemaps/news-2019-9.xml"", ""https://plo.vn/sitemaps/news-2019-8.xml"", ""https://plo.vn/sitemaps/news-2019-7.xml"", ""https://plo.vn/sitemaps/news-2019-6.xml"", ""https://plo.vn/sitemaps/news-2019-5.xml"", ""https://plo.vn/sitemaps/news-2019-4.xml"", ""https://plo.vn/sitemaps/news-2019-3.xml"", ""https://plo.vn/sitemaps/news-2019-2.xml"", ""https://plo.vn/sitemaps/news-2019-1.xml"", ""https://plo.vn/sitemaps/news-2018-12.xml"", ""https://plo.vn/sitemaps/news-2018-11.xml"", ""https://plo.vn/sitemaps/news-2018-10.xml"", ""https://plo.vn/sitemaps/news-2018-9.xml"", ""https://plo.vn/sitemaps/news-2018-8.xml"", ""https://plo.vn/sitemaps/news-2018-7.xml"", ""https://plo.vn/sitemaps/news-2018-6.xml"", ""https://plo.vn/sitemaps/news-2018-5.xml"", ""https://plo.vn/sitemaps/news-2018-4.xml"", ""https://plo.vn/sitemaps/news-2018-3.xml"", ""https://plo.vn/sitemaps/news-2018-2.xml"", ""https://plo.vn/sitemaps/news-2018-1.xml"", ""https://plo.vn/sitemaps/news-2017-12.xml"", ""https://plo.vn/sitemaps/news-2017-11.xml"", ""https://plo.vn/sitemaps/news-2017-10.xml"", ""https://plo.vn/sitemaps/news-2017-9.xml"", ""https://plo.vn/sitemaps/news-2017-8.xml"", ""https://plo.vn/sitemaps/news-2017-7.xml"", ""https://plo.vn/sitemaps/news-2017-6.xml"", ""https://plo.vn/sitemaps/news-2017-5.xml"", ""https://plo.vn/sitemaps/news-2017-4.xml"", ""https://plo.vn/sitemaps/news-2017-3.xml"", ""https://plo.vn/sitemaps/news-2017-2.xml"", ""https://plo.vn/sitemaps/news-2017-1.xml"", ""https://plo.vn/sitemaps/news-2016-12.xml"", ""https://plo.vn/sitemaps/news-2016-11.xml"", ""https://plo.vn/sitemaps/news-2016-10.xml""]",120,404,,0,0,False,0,True,False,False,False,sitemap_then_article_extract,medium,active,,2026-06-15 20:15:43.042044
sciencedaily_com,https://www.sciencedaily.com,https://www.sciencedaily.com/,sciencedaily.com,https,https://www.sciencedaily.com/,https://www.sciencedaily.com/robots.txt,True,"[""https://www.sciencedaily.com/sitemap-index.xml""]",True,True,False,,,True,"[""https://www.sciencedaily.com/rss/all.xml""]",1,True,"[""https://www.sciencedaily.com/sitemap-index.xml"", ""https://www.sciencedaily.com/sitemap-base.xml.gz"", ""https://www.sciencedaily.com/sitemap-newstopics.xml.gz"", ""https://www.sciencedaily.com/sitemap-terms.xml.gz"", ""https://www.sciencedaily.com/sitemap-releases-2000.xml.gz"", ""https://www.sciencedaily.com/sitemap-releases-2001.xml.gz"", ""https://www.sciencedaily.com/sitemap-releases-2002.xml.gz"", ""https://www.sciencedaily.com/sitemap-releases-2003.xml.gz"", ""https://www.sciencedaily.com/sitemap-releases-2004.xml.gz"", ""https://www.sciencedaily.com/sitemap-releases-2005.xml.gz"", ""https://www.sciencedaily.com/sitemap-releases-2006.xml.gz"", ""https://www.sciencedaily.com/sitemap-releases-2007.xml.gz"", ""https://www.sciencedaily.com/sitemap-releases-2008.xml.gz"", ""https://www.sciencedaily.com/sitemap-releases-2009.xml.gz"", ""https://www.sciencedaily.com/sitemap-releases-2010.xml.gz"", ""https://www.sciencedaily.com/sitemap-releases-2011.xml.gz"", ""https://www.sciencedaily.com/sitemap-releases-2012.xml.gz"", ""https://www.sciencedaily.com/sitemap-releases-2013.xml.gz"", ""https://www.sciencedaily.com/sitemap-releases-2014.xml.gz"", ""https://www.sciencedaily.com/sitemap-releases-2015.xml.gz"", ""https://www.sciencedaily.com/sitemap-releases-2016.xml.gz"", ""https://www.sciencedaily.com/sitemap-releases-2017.xml.gz"", ""https://www.sciencedaily.com/sitemap-releases-2018.xml.gz"", ""https://www.sciencedaily.com/sitemap-releases-2019.xml.gz"", ""https://www.sciencedaily.com/sitemap-releases-2020.xml.gz"", ""https://www.sciencedaily.com/sitemap-releases-2021.xml.gz"", ""https://www.sciencedaily.com/sitemap-releases-2022.xml.gz"", ""https://www.sciencedaily.com/sitemap-releases-2023.xml.gz"", ""https://www.sciencedaily.com/sitemap-releases-2024.xml.gz"", ""https://www.sciencedaily.com/sitemap-releases-2025.xml.gz"", ""https://www.sciencedaily.com/sitemap-releases-2026.xml.gz"", ""https://www.sciencedaily.com/sitemap-releases-1997.xml.gz"", ""https://www.sciencedaily.com/sitemap-releases-1998.xml.gz"", ""https://www.sciencedaily.com/sitemap-releases-1999.xml.gz""]",34,200,ScienceDaily: Your source for the latest research news,57470,548,True,5641,False,True,False,False,rss_then_article_extract,medium,active,,2026-06-15 20:15:43.039194
scmp_com,https://www.scmp.com/business,https://www.scmp.com/business,scmp.com,https,https://www.scmp.com/business,https://www.scmp.com/robots.txt,True,"[""https://www.scmp.com/sitemap/sitemap.xml"", ""https://www.scmp.com/sitemap/archives-0.xml""]",True,True,False,,,True,"[""https://www.scmp.com/rss/92/feed""]",1,True,"[""https://www.scmp.com/sitemap/sitemap.xml"", ""https://www.scmp.com/sitemap/articles.xml"", ""https://www.scmp.com/sitemap/authors.xml"", ""https://www.scmp.com/sitemap/collections.xml"", ""https://www.scmp.com/sitemap/custom.xml"", ""https://www.scmp.com/sitemap/galleries.xml"", ""https://www.scmp.com/sitemap/recipes.xml"", ""https://www.scmp.com/sitemap/sections.xml"", ""https://www.scmp.com/sitemap/sections/20th_party_congress.xml"", ""https://www.scmp.com/sitemap/sections/abacus.xml"", ""https://www.scmp.com/sitemap/sections/about_us.xml"", ""https://www.scmp.com/sitemap/sections/announcements.xml"", ""https://www.scmp.com/sitemap/sections/beijing_olympics_2022.xml"", ""https://www.scmp.com/sitemap/sections/better_life.xml"", ""https://www.scmp.com/sitemap/sections/business.xml"", ""https://www.scmp.com/sitemap/sections/comment.xml"", ""https://www.scmp.com/sitemap/sections/cooking.xml"", ""https://www.scmp.com/sitemap/sections/coronavirus.xml"", ""https://www.scmp.com/sitemap/sections/country_reports.xml"", ""https://www.scmp.com/sitemap/sections/culture.xml"", ""https://www.scmp.com/sitemap/sections/destination_macau.xml"", ""https://www.scmp.com/sitemap/sections/directories.xml"", ""https://www.scmp.com/sitemap/sections/economy.xml"", ""https://www.scmp.com/sitemap/sections/explained.xml"", ""https://www.scmp.com/sitemap/sections/goldthread.xml"", ""https://www.scmp.com/sitemap/sections/hong_kong_25.xml"", ""https://www.scmp.com/sitemap/sections/infographics.xml"", ""https://www.scmp.com/sitemap/sections/inkstone.xml"", ""https://www.scmp.com/sitemap/sections/k_pop.xml"", ""https://www.scmp.com/sitemap/sections/knowledge.xml"", ""https://www.scmp.com/sitemap/sections/lifestyle.xml"", ""https://www.scmp.com/sitemap/sections/lists.xml"", ""https://www.scmp.com/sitemap/sections/magazines.xml"", ""https://www.scmp.com/sitemap/sections/news.xml"", ""https://www.scmp.com/sitemap/sections/photos.xml"", ""https://www.scmp.com/sitemap/sections/podcasts.xml"", ""https://www.scmp.com/sitemap/sections/posties.xml"", ""https://www.scmp.com/sitemap/sections/postmag.xml"", ""https://www.scmp.com/sitemap/sections/property.xml"", ""https://www.scmp.com/sitemap/sections/scmp_editorials.xml"", ""https://www.scmp.com/sitemap/sections/scmp_pr_blog.xml"", ""https://www.scmp.com/sitemap/sections/special_reports.xml"", ""https://www.scmp.com/sitemap/sections/sport.xml"", ""https://www.scmp.com/sitemap/sections/taxonomy_term_521455.xml"", ""https://www.scmp.com/sitemap/sections/taxonomy_term_521456.xml"", ""https://www.scmp.com/sitemap/sections/tech.xml"", ""https://www.scmp.com/sitemap/sections/tokyo_olympics.xml"", ""https://www.scmp.com/sitemap/sections/video.xml"", ""https://www.scmp.com/sitemap/sections/video_60_second_inspiration.xml"", ""https://www.scmp.com/sitemap/sections/video_852.xml"", ""https://www.scmp.com/sitemap/sections/video_asia.xml"", ""https://www.scmp.com/sitemap/sections/video_deep_dive.xml"", ""https://www.scmp.com/sitemap/sections/video_eat_drink_asia.xml"", ""https://www.scmp.com/sitemap/sections/video_more_travel.xml"", ""https://www.scmp.com/sitemap/sections/video_music.xml"", ""https://www.scmp.com/sitemap/sections/video_opinion.xml"", ""https://www.scmp.com/sitemap/sections/video_scmp_explains.xml"", ""https://www.scmp.com/sitemap/sections/video_scmp_films.xml"", ""https://www.scmp.com/sitemap/sections/video_scmp_originals.xml"", ""https://www.scmp.com/sitemap/sections/video_talking_post.xml"", ""https://www.scmp.com/sitemap/sections/video_tell_me.xml"", ""https://www.scmp.com/sitemap/sections/weather.xml"", ""https://www.scmp.com/sitemap/sections/week_asia.xml"", ""https://www.scmp.com/sitemap/sections/yp.xml"", ""https://www.scmp.com/sitemap/topics.xml"", ""https://www.scmp.com/sitemap/yp-topics.xml"", ""https://www.scmp.com/sitemap/archives-0.xml"", ""https://www.scmp.com/sitemap/archives/articles/1991_jun.xml"", ""https://www.scmp.com/sitemap/archives/articles/1992_dec.xml"", ""https://www.scmp.com/sitemap/archives/articles/1993_apr.xml"", ""https://www.scmp.com/sitemap/archives/articles/1993_aug.xml"", ""https://www.scmp.com/sitemap/archives/articles/1993_dec.xml"", ""https://www.scmp.com/sitemap/archives/articles/1993_feb.xml"", ""https://www.scmp.com/sitemap/archives/articles/1993_jan.xml"", ""https://www.scmp.com/sitemap/archives/articles/1993_jul.xml"", ""https://www.scmp.com/sitemap/archives/articles/1993_jun.xml"", ""https://www.scmp.com/sitemap/archives/articles/1993_mar.xml"", ""https://www.scmp.com/sitemap/archives/articles/1993_may.xml"", ""https://www.scmp.com/sitemap/archives/articles/1993_nov.xml"", ""https://www.scmp.com/sitemap/archives/articles/1993_oct.xml"", ""https://www.scmp.com/sitemap/archives/articles/1993_sep.xml"", ""https://www.scmp.com/sitemap/archives/articles/1994_apr.xml"", ""https://www.scmp.com/sitemap/archives/articles/1994_aug.xml"", ""https://www.scmp.com/sitemap/archives/articles/1994_dec.xml"", ""https://www.scmp.com/sitemap/archives/articles/1994_feb.xml"", ""https://www.scmp.com/sitemap/archives/articles/1994_jan.xml"", ""https://www.scmp.com/sitemap/archives/articles/1994_jul.xml"", ""https://www.scmp.com/sitemap/archives/articles/1994_jun.xml"", ""https://www.scmp.com/sitemap/archives/articles/1994_mar.xml"", ""https://www.scmp.com/sitemap/archives/articles/1994_may.xml"", ""https://www.scmp.com/sitemap/archives/articles/1994_nov.xml"", ""https://www.scmp.com/sitemap/archives/articles/1994_oct.xml"", ""https://www.scmp.com/sitemap/archives/articles/1994_sep.xml"", ""https://www.scmp.com/sitemap/archives/articles/1995_apr.xml"", ""https://www.scmp.com/sitemap/archives/articles/1995_aug.xml"", ""https://www.scmp.com/sitemap/archives/articles/1995_dec.xml"", ""https://www.scmp.com/sitemap/archives/articles/1995_feb.xml"", ""https://www.scmp.com/sitemap/archives/articles/1995_jan.xml"", ""https://www.scmp.com/sitemap/archives/articles/1995_jul.xml"", ""https://www.scmp.com/sitemap/archives/articles/1995_jun.xml"", ""https://www.scmp.com/sitemap/archives/articles/1995_mar.xml"", ""https://www.scmp.com/sitemap/archives/articles/1995_may.xml"", ""https://www.scmp.com/sitemap/archives/articles/1995_nov.xml"", ""https://www.scmp.com/sitemap/archives/articles/1995_oct.xml"", ""https://www.scmp.com/sitemap/archives/articles/1995_sep.xml"", ""https://www.scmp.com/sitemap/archives/articles/1996_apr.xml"", ""https://www.scmp.com/sitemap/archives/articles/1996_aug.xml"", ""https://www.scmp.com/sitemap/archives/articles/1996_dec.xml"", ""https://www.scmp.com/sitemap/archives/articles/1996_feb.xml"", ""https://www.scmp.com/sitemap/archives/articles/1996_jan.xml"", ""https://www.scmp.com/sitemap/archives/articles/1996_jul.xml"", ""https://www.scmp.com/sitemap/archives/articles/1996_jun.xml"", ""https://www.scmp.com/sitemap/archives/articles/1996_mar.xml"", ""https://www.scmp.com/sitemap/archives/articles/1996_may.xml"", ""https://www.scmp.com/sitemap/archives/articles/1996_oct.xml"", ""https://www.scmp.com/sitemap/archives/articles/1996_sep.xml"", ""https://www.scmp.com/sitemap/archives/articles/1997_apr.xml"", ""https://www.scmp.com/sitemap/archives/articles/1997_aug.xml"", ""https://www.scmp.com/sitemap/archives/articles/1997_dec.xml"", ""https://www.scmp.com/sitemap/archives/articles/1997_feb.xml""]",120,200,Business and Stock Market News & Analysis | South China Morning Post,7338,96,True,7269,True,True,True,False,rss_then_article_extract,medium,active,,2026-06-15 20:15:43.030953
space_com,https://www.space.com,https://www.space.com/,space.com,https,https://www.space.com/,https://www.space.com/robots.txt,True,"[""https://www.space.com/sitemap.xml"", ""https://www.space.com/sitemap-news.xml""]",True,True,False,,,True,"[""https://www.space.com/feeds.xml""]",1,True,"[""https://www.space.com/sitemap.xml"", ""https://www.space.com/sitemap-news.xml"", ""https://www.space.com/sitemap-authors.xml"", ""https://www.space.com/sitemap-basic.xml"", ""https://www.space.com/sitemap-categories.xml"", ""https://www.space.com/sitemap-article-types.xml"", ""https://www.space.com/sitemap-archive.xml"", ""https://www.space.com/sitemap-2026-06.xml"", ""https://www.space.com/sitemap-2026-05.xml"", ""https://www.space.com/sitemap-2026-04.xml"", ""https://www.space.com/sitemap-2026-03.xml"", ""https://www.space.com/sitemap-2026-02.xml"", ""https://www.space.com/sitemap-2026-01.xml"", ""https://www.space.com/sitemap-2025-12.xml"", ""https://www.space.com/sitemap-2025-11.xml"", ""https://www.space.com/sitemap-2025-10.xml"", ""https://www.space.com/sitemap-2025-09.xml"", ""https://www.space.com/sitemap-2025-08.xml"", ""https://www.space.com/sitemap-2025-07.xml"", ""https://www.space.com/sitemap-2025-06.xml"", ""https://www.space.com/sitemap-2025-05.xml"", ""https://www.space.com/sitemap-2025-04.xml"", ""https://www.space.com/sitemap-2025-03.xml"", ""https://www.space.com/sitemap-2025-02.xml"", ""https://www.space.com/sitemap-2025-01.xml"", ""https://www.space.com/sitemap-2024-12.xml"", ""https://www.space.com/sitemap-2024-11.xml"", ""https://www.space.com/sitemap-2024-10.xml"", ""https://www.space.com/sitemap-2024-09.xml"", ""https://www.space.com/sitemap-2024-08.xml"", ""https://www.space.com/sitemap-2024-07.xml"", ""https://www.space.com/sitemap-2024-06.xml"", ""https://www.space.com/sitemap-2024-05.xml"", ""https://www.space.com/sitemap-2024-04.xml"", ""https://www.space.com/sitemap-2024-03.xml"", ""https://www.space.com/sitemap-2024-02.xml"", ""https://www.space.com/sitemap-2024-01.xml"", ""https://www.space.com/sitemap-2023-12.xml"", ""https://www.space.com/sitemap-2023-11.xml"", ""https://www.space.com/sitemap-2023-10.xml"", ""https://www.space.com/sitemap-2023-09.xml"", ""https://www.space.com/sitemap-2023-08.xml"", ""https://www.space.com/sitemap-2023-07.xml"", ""https://www.space.com/sitemap-2023-06.xml"", ""https://www.space.com/sitemap-2023-05.xml"", ""https://www.space.com/sitemap-2023-04.xml"", ""https://www.space.com/sitemap-2023-03.xml"", ""https://www.space.com/sitemap-2023-02.xml"", ""https://www.space.com/sitemap-2023-01.xml"", ""https://www.space.com/sitemap-2022-12.xml"", ""https://www.space.com/sitemap-2022-11.xml"", ""https://www.space.com/sitemap-2022-10.xml"", ""https://www.space.com/sitemap-2022-09.xml"", ""https://www.space.com/sitemap-2022-08.xml"", ""https://www.space.com/sitemap-2022-07.xml"", ""https://www.space.com/sitemap-2022-06.xml"", ""https://www.space.com/sitemap-2022-05.xml"", ""https://www.space.com/sitemap-2022-04.xml"", ""https://www.space.com/sitemap-2022-03.xml"", ""https://www.space.com/sitemap-2022-02.xml"", ""https://www.space.com/sitemap-2022-01.xml"", ""https://www.space.com/sitemap-2021-12.xml"", ""https://www.space.com/sitemap-2021-11.xml"", ""https://www.space.com/sitemap-2021-10.xml"", ""https://www.space.com/sitemap-2021-09.xml"", ""https://www.space.com/sitemap-2021-08.xml"", ""https://www.space.com/sitemap-2021-07.xml"", ""https://www.space.com/sitemap-2021-06.xml"", ""https://www.space.com/sitemap-2021-05.xml"", ""https://www.space.com/sitemap-2021-04.xml"", ""https://www.space.com/sitemap-2021-03.xml"", ""https://www.space.com/sitemap-2021-02.xml"", ""https://www.space.com/sitemap-2021-01.xml"", ""https://www.space.com/sitemap-2020-12.xml"", ""https://www.space.com/sitemap-2020-11.xml"", ""https://www.space.com/sitemap-2020-10.xml"", ""https://www.space.com/sitemap-2020-09.xml"", ""https://www.space.com/sitemap-2020-08.xml"", ""https://www.space.com/sitemap-2020-07.xml"", ""https://www.space.com/sitemap-2020-06.xml"", ""https://www.space.com/sitemap-2020-05.xml"", ""https://www.space.com/sitemap-2020-04.xml"", ""https://www.space.com/sitemap-2020-03.xml"", ""https://www.space.com/sitemap-2020-02.xml"", ""https://www.space.com/sitemap-2020-01.xml"", ""https://www.space.com/sitemap-2019-12.xml"", ""https://www.space.com/sitemap-2019-11.xml"", ""https://www.space.com/sitemap-2019-10.xml"", ""https://www.space.com/sitemap-2019-09.xml"", ""https://www.space.com/sitemap-2019-08.xml"", ""https://www.space.com/sitemap-2019-07.xml"", ""https://www.space.com/sitemap-2019-06.xml"", ""https://www.space.com/sitemap-2019-05.xml"", ""https://www.space.com/sitemap-2019-04.xml"", ""https://www.space.com/sitemap-2019-03.xml"", ""https://www.space.com/sitemap-2019-02.xml"", ""https://www.space.com/sitemap-2019-01.xml"", ""https://www.space.com/sitemap-2018-12.xml"", ""https://www.space.com/sitemap-2018-11.xml"", ""https://www.space.com/sitemap-2018-10.xml"", ""https://www.space.com/sitemap-2018-09.xml"", ""https://www.space.com/sitemap-2018-08.xml"", ""https://www.space.com/sitemap-2018-07.xml"", ""https://www.space.com/sitemap-2018-06.xml"", ""https://www.space.com/sitemap-2018-05.xml"", ""https://www.space.com/sitemap-2018-04.xml"", ""https://www.space.com/sitemap-2018-03.xml"", ""https://www.space.com/sitemap-2018-02.xml"", ""https://www.space.com/sitemap-2018-01.xml"", ""https://www.space.com/sitemap-2017-12.xml"", ""https://www.space.com/sitemap-2017-11.xml"", ""https://www.space.com/sitemap-2017-10.xml"", ""https://www.space.com/sitemap-2017-09.xml"", ""https://www.space.com/sitemap-2017-08.xml"", ""https://www.space.com/sitemap-2017-07.xml"", ""https://www.space.com/sitemap-2017-06.xml"", ""https://www.space.com/sitemap-2017-05.xml"", ""https://www.space.com/sitemap-2017-04.xml"", ""https://www.space.com/sitemap-2017-03.xml"", ""https://www.space.com/sitemap-2017-02.xml""]",120,200,"Space.com: NASA, Space Exploration and Astronomy News",13527,253,True,3467,False,True,False,True,rss_then_article_extract,medium,active,,2026-06-15 20:15:43.041603
techcrunch_com,https://techcrunch.com,https://techcrunch.com/,techcrunch.com,https,https://techcrunch.com/,https://techcrunch.com/robots.txt,True,"[""https://techcrunch.com/sitemap.xml"", ""https://techcrunch.com/news-sitemap.xml""]",True,True,False,,,True,"[""https://techcrunch.com/feed/""]",1,True,"[""https://techcrunch.com/sitemap.xml"", ""https://techcrunch.com/sitemap-page-1.xml"", ""https://techcrunch.com/sitemap-page-2.xml"", ""https://techcrunch.com/sitemap-page-3.xml"", ""https://techcrunch.com/sitemap-page-4.xml"", ""https://techcrunch.com/sitemap-page-5.xml"", ""https://techcrunch.com/sitemap-page-6.xml"", ""https://techcrunch.com/sitemap-page-7.xml"", ""https://techcrunch.com/sitemap-page-8.xml"", ""https://techcrunch.com/sitemap-page-9.xml"", ""https://techcrunch.com/sitemap-page-10.xml"", ""https://techcrunch.com/sitemap-page-11.xml"", ""https://techcrunch.com/sitemap-page-12.xml"", ""https://techcrunch.com/sitemap-page-13.xml"", ""https://techcrunch.com/sitemap-page-14.xml"", ""https://techcrunch.com/sitemap-page-15.xml"", ""https://techcrunch.com/sitemap-page-16.xml"", ""https://techcrunch.com/sitemap-page-17.xml"", ""https://techcrunch.com/sitemap-page-18.xml"", ""https://techcrunch.com/sitemap-page-19.xml"", ""https://techcrunch.com/sitemap-page-20.xml"", ""https://techcrunch.com/sitemap-page-21.xml"", ""https://techcrunch.com/sitemap-page-22.xml"", ""https://techcrunch.com/sitemap-page-23.xml"", ""https://techcrunch.com/sitemap-page-24.xml"", ""https://techcrunch.com/sitemap-page-25.xml"", ""https://techcrunch.com/sitemap-page-26.xml"", ""https://techcrunch.com/sitemap-page-27.xml"", ""https://techcrunch.com/sitemap-page-28.xml"", ""https://techcrunch.com/sitemap-page-29.xml"", ""https://techcrunch.com/sitemap-page-30.xml"", ""https://techcrunch.com/sitemap-page-31.xml"", ""https://techcrunch.com/sitemap-page-32.xml"", ""https://techcrunch.com/sitemap-page-33.xml"", ""https://techcrunch.com/sitemap-page-34.xml"", ""https://techcrunch.com/sitemap-page-35.xml"", ""https://techcrunch.com/sitemap-page-36.xml"", ""https://techcrunch.com/sitemap-page-37.xml"", ""https://techcrunch.com/sitemap-page-38.xml"", ""https://techcrunch.com/sitemap-page-39.xml"", ""https://techcrunch.com/sitemap-page-40.xml"", ""https://techcrunch.com/sitemap-page-41.xml"", ""https://techcrunch.com/sitemap-page-42.xml"", ""https://techcrunch.com/sitemap-page-43.xml"", ""https://techcrunch.com/sitemap-page-44.xml"", ""https://techcrunch.com/sitemap-page-45.xml"", ""https://techcrunch.com/sitemap-page-46.xml"", ""https://techcrunch.com/sitemap-page-47.xml"", ""https://techcrunch.com/sitemap-page-48.xml"", ""https://techcrunch.com/sitemap-page-49.xml"", ""https://techcrunch.com/sitemap-page-50.xml"", ""https://techcrunch.com/sitemap-page-51.xml"", ""https://techcrunch.com/sitemap-page-52.xml"", ""https://techcrunch.com/sitemap-page-53.xml"", ""https://techcrunch.com/sitemap-page-54.xml"", ""https://techcrunch.com/sitemap-page-55.xml"", ""https://techcrunch.com/sitemap-page-56.xml"", ""https://techcrunch.com/sitemap-page-57.xml"", ""https://techcrunch.com/sitemap-page-58.xml"", ""https://techcrunch.com/sitemap-page-59.xml"", ""https://techcrunch.com/sitemap-page-60.xml"", ""https://techcrunch.com/sitemap-page-61.xml"", ""https://techcrunch.com/sitemap-page-62.xml"", ""https://techcrunch.com/sitemap-page-63.xml"", ""https://techcrunch.com/sitemap-page-64.xml"", ""https://techcrunch.com/sitemap-page-65.xml"", ""https://techcrunch.com/sitemap-page-66.xml"", ""https://techcrunch.com/sitemap-page-67.xml"", ""https://techcrunch.com/sitemap-page-68.xml"", ""https://techcrunch.com/sitemap-page-69.xml"", ""https://techcrunch.com/sitemap-page-70.xml"", ""https://techcrunch.com/sitemap-page-71.xml"", ""https://techcrunch.com/sitemap-page-72.xml"", ""https://techcrunch.com/sitemap-page-73.xml"", ""https://techcrunch.com/sitemap-page-74.xml"", ""https://techcrunch.com/sitemap-page-75.xml"", ""https://techcrunch.com/sitemap-page-76.xml"", ""https://techcrunch.com/sitemap-page-77.xml"", ""https://techcrunch.com/sitemap-page-78.xml"", ""https://techcrunch.com/sitemap-page-79.xml"", ""https://techcrunch.com/sitemap-page-80.xml"", ""https://techcrunch.com/sitemap-page-81.xml"", ""https://techcrunch.com/sitemap-page-82.xml"", ""https://techcrunch.com/sitemap-page-83.xml"", ""https://techcrunch.com/sitemap-page-84.xml"", ""https://techcrunch.com/sitemap-page-85.xml"", ""https://techcrunch.com/sitemap-page-86.xml"", ""https://techcrunch.com/sitemap-page-87.xml"", ""https://techcrunch.com/sitemap-page-88.xml"", ""https://techcrunch.com/sitemap-page-89.xml"", ""https://techcrunch.com/sitemap-page-90.xml"", ""https://techcrunch.com/sitemap-page-91.xml"", ""https://techcrunch.com/sitemap-page-92.xml"", ""https://techcrunch.com/sitemap-page-93.xml"", ""https://techcrunch.com/sitemap-page-94.xml"", ""https://techcrunch.com/sitemap-page-95.xml"", ""https://techcrunch.com/sitemap-page-96.xml"", ""https://techcrunch.com/sitemap-page-97.xml"", ""https://techcrunch.com/sitemap-page-98.xml"", ""https://techcrunch.com/sitemap-page-99.xml"", ""https://techcrunch.com/sitemap-page-100.xml"", ""https://techcrunch.com/sitemap-page-101.xml"", ""https://techcrunch.com/sitemap-page-102.xml"", ""https://techcrunch.com/sitemap-page-103.xml"", ""https://techcrunch.com/sitemap-page-104.xml"", ""https://techcrunch.com/sitemap-page-105.xml"", ""https://techcrunch.com/sitemap-page-106.xml"", ""https://techcrunch.com/sitemap-page-107.xml"", ""https://techcrunch.com/sitemap-page-108.xml"", ""https://techcrunch.com/sitemap-page-109.xml"", ""https://techcrunch.com/sitemap-page-110.xml"", ""https://techcrunch.com/sitemap-page-111.xml"", ""https://techcrunch.com/sitemap-page-112.xml"", ""https://techcrunch.com/sitemap-page-113.xml"", ""https://techcrunch.com/sitemap-page-114.xml"", ""https://techcrunch.com/sitemap-page-115.xml"", ""https://techcrunch.com/sitemap-page-116.xml"", ""https://techcrunch.com/sitemap-page-117.xml"", ""https://techcrunch.com/sitemap-page-118.xml"", ""https://techcrunch.com/sitemap-page-119.xml""]",120,200,TechCrunch | Startup and Technology News,11567,315,True,1253,False,True,True,True,rss_then_article_extract,medium,active,,2026-06-15 20:15:43.034860
thanhnien_vn,https://thanhnien.vn/kinh-te.htm,https://thanhnien.vn/kinh-te.htm,thanhnien.vn,https,https://thanhnien.vn/kinh-te.htm,https://thanhnien.vn/robots.txt,True,"[""https://thanhnien.vn/sitemap.xml"", ""https://thanhnien.vn/google-news-sitemap.xml""]",True,True,False,,,True,"[""https://thanhnien.vn/rss/kinh-te.rss""]",1,True,"[""https://thanhnien.vn/sitemap.xml"", ""https://thanhnien.vn/sitemaps/categories-sitemap.xml"", ""https://thanhnien.vn/google-news-sitemap.xml"", ""https://thanhnien.vn/latest-news-sitemap.xml"", ""https://thanhnien.vn/sitemaps/sitemaps-2026-6-1-5.xml"", ""https://thanhnien.vn/sitemaps/sitemaps-2026-6-6-10.xml"", ""https://thanhnien.vn/sitemaps/sitemaps-2026-6-11-15.xml"", ""https://thanhnien.vn/sitemaps/sitemaps-2026-5-1-5.xml"", ""https://thanhnien.vn/sitemaps/sitemaps-2026-5-6-10.xml"", ""https://thanhnien.vn/sitemaps/sitemaps-2026-5-11-15.xml"", ""https://thanhnien.vn/sitemaps/sitemaps-2026-5-16-20.xml"", ""https://thanhnien.vn/sitemaps/sitemaps-2026-5-21-25.xml"", ""https://thanhnien.vn/sitemaps/sitemaps-2026-5-26-31.xml"", ""https://thanhnien.vn/sitemaps/sitemaps-2026-4-1-5.xml"", ""https://thanhnien.vn/sitemaps/sitemaps-2026-4-6-10.xml"", ""https://thanhnien.vn/sitemaps/sitemaps-2026-4-11-15.xml"", ""https://thanhnien.vn/sitemaps/sitemaps-2026-4-16-20.xml"", ""https://thanhnien.vn/sitemaps/sitemaps-2026-4-21-25.xml"", ""https://thanhnien.vn/sitemaps/sitemaps-2026-4-26-30.xml"", ""https://thanhnien.vn/sitemaps/sitemaps-2026-3-1-5.xml"", ""https://thanhnien.vn/sitemaps/sitemaps-2026-3-6-10.xml"", ""https://thanhnien.vn/sitemaps/sitemaps-2026-3-11-15.xml"", ""https://thanhnien.vn/sitemaps/sitemaps-2026-3-16-20.xml"", ""https://thanhnien.vn/sitemaps/sitemaps-2026-3-21-25.xml"", ""https://thanhnien.vn/sitemaps/sitemaps-2026-3-26-31.xml"", ""https://thanhnien.vn/sitemaps/sitemaps-2026-2-1-5.xml"", ""https://thanhnien.vn/sitemaps/sitemaps-2026-2-6-10.xml"", ""https://thanhnien.vn/sitemaps/sitemaps-2026-2-11-15.xml"", ""https://thanhnien.vn/sitemaps/sitemaps-2026-2-16-20.xml"", ""https://thanhnien.vn/sitemaps/sitemaps-2026-2-21-25.xml"", ""https://thanhnien.vn/sitemaps/sitemaps-2026-2-26-28.xml"", ""https://thanhnien.vn/sitemaps/sitemaps-2026-1-1-5.xml"", ""https://thanhnien.vn/sitemaps/sitemaps-2026-1-6-10.xml"", ""https://thanhnien.vn/sitemaps/sitemaps-2026-1-11-15.xml"", ""https://thanhnien.vn/sitemaps/sitemaps-2026-1-16-20.xml"", ""https://thanhnien.vn/sitemaps/sitemaps-2026-1-21-25.xml"", ""https://thanhnien.vn/sitemaps/sitemaps-2026-1-26-31.xml"", ""https://thanhnien.vn/sitemaps/sitemaps-2025-12-1-5.xml"", ""https://thanhnien.vn/sitemaps/sitemaps-2025-12-6-10.xml"", ""https://thanhnien.vn/sitemaps/sitemaps-2025-12-11-15.xml"", ""https://thanhnien.vn/sitemaps/sitemaps-2025-12-16-20.xml"", ""https://thanhnien.vn/sitemaps/sitemaps-2025-12-21-25.xml"", ""https://thanhnien.vn/sitemaps/sitemaps-2025-12-26-31.xml"", ""https://thanhnien.vn/sitemaps/sitemaps-2025-11-1-5.xml"", ""https://thanhnien.vn/sitemaps/sitemaps-2025-11-6-10.xml"", ""https://thanhnien.vn/sitemaps/sitemaps-2025-11-11-15.xml"", ""https://thanhnien.vn/sitemaps/sitemaps-2025-11-16-20.xml"", ""https://thanhnien.vn/sitemaps/sitemaps-2025-11-21-25.xml"", ""https://thanhnien.vn/sitemaps/sitemaps-2025-11-26-30.xml"", ""https://thanhnien.vn/sitemaps/sitemaps-2025-10-1-5.xml"", ""https://thanhnien.vn/sitemaps/sitemaps-2025-10-6-10.xml"", ""https://thanhnien.vn/sitemaps/sitemaps-2025-10-11-15.xml"", ""https://thanhnien.vn/sitemaps/sitemaps-2025-10-16-20.xml"", ""https://thanhnien.vn/sitemaps/sitemaps-2025-10-21-25.xml"", ""https://thanhnien.vn/sitemaps/sitemaps-2025-10-26-31.xml"", ""https://thanhnien.vn/sitemaps/sitemaps-2025-9-1-5.xml"", ""https://thanhnien.vn/sitemaps/sitemaps-2025-9-6-10.xml"", ""https://thanhnien.vn/sitemaps/sitemaps-2025-9-11-15.xml"", ""https://thanhnien.vn/sitemaps/sitemaps-2025-9-16-20.xml"", ""https://thanhnien.vn/sitemaps/sitemaps-2025-9-21-25.xml"", ""https://thanhnien.vn/sitemaps/sitemaps-2025-9-26-30.xml"", ""https://thanhnien.vn/sitemaps/sitemaps-2025-8-1-5.xml"", ""https://thanhnien.vn/sitemaps/sitemaps-2025-8-6-10.xml"", ""https://thanhnien.vn/sitemaps/sitemaps-2025-8-11-15.xml"", ""https://thanhnien.vn/sitemaps/sitemaps-2025-8-16-20.xml"", ""https://thanhnien.vn/sitemaps/sitemaps-2025-8-21-25.xml"", ""https://thanhnien.vn/sitemaps/sitemaps-2025-8-26-31.xml"", ""https://thanhnien.vn/sitemaps/sitemaps-2025-7-1-5.xml"", ""https://thanhnien.vn/sitemaps/sitemaps-2025-7-6-10.xml"", ""https://thanhnien.vn/sitemaps/sitemaps-2025-7-11-15.xml"", ""https://thanhnien.vn/sitemaps/sitemaps-2025-7-16-20.xml"", ""https://thanhnien.vn/sitemaps/sitemaps-2025-7-21-25.xml"", ""https://thanhnien.vn/sitemaps/sitemaps-2025-7-26-31.xml"", ""https://thanhnien.vn/sitemaps/sitemaps-2025-6-1-5.xml"", ""https://thanhnien.vn/sitemaps/sitemaps-2025-6-6-10.xml"", ""https://thanhnien.vn/sitemaps/sitemaps-2025-6-11-15.xml"", ""https://thanhnien.vn/sitemaps/sitemaps-2025-6-16-20.xml"", ""https://thanhnien.vn/sitemaps/sitemaps-2025-6-21-25.xml"", ""https://thanhnien.vn/sitemaps/sitemaps-2025-6-26-30.xml"", ""https://thanhnien.vn/sitemaps/sitemaps-2025-5-1-5.xml"", ""https://thanhnien.vn/sitemaps/sitemaps-2025-5-6-10.xml"", ""https://thanhnien.vn/sitemaps/sitemaps-2025-5-11-15.xml"", ""https://thanhnien.vn/sitemaps/sitemaps-2025-5-16-20.xml"", ""https://thanhnien.vn/sitemaps/sitemaps-2025-5-21-25.xml"", ""https://thanhnien.vn/sitemaps/sitemaps-2025-5-26-31.xml"", ""https://thanhnien.vn/sitemaps/sitemaps-2025-4-1-5.xml"", ""https://thanhnien.vn/sitemaps/sitemaps-2025-4-6-10.xml"", ""https://thanhnien.vn/sitemaps/sitemaps-2025-4-11-15.xml"", ""https://thanhnien.vn/sitemaps/sitemaps-2025-4-16-20.xml"", ""https://thanhnien.vn/sitemaps/sitemaps-2025-4-21-25.xml"", ""https://thanhnien.vn/sitemaps/sitemaps-2025-4-26-30.xml"", ""https://thanhnien.vn/sitemaps/sitemaps-2025-3-1-5.xml"", ""https://thanhnien.vn/sitemaps/sitemaps-2025-3-6-10.xml"", ""https://thanhnien.vn/sitemaps/sitemaps-2025-3-11-15.xml"", ""https://thanhnien.vn/sitemaps/sitemaps-2025-3-16-20.xml"", ""https://thanhnien.vn/sitemaps/sitemaps-2025-3-21-25.xml"", ""https://thanhnien.vn/sitemaps/sitemaps-2025-3-26-31.xml"", ""https://thanhnien.vn/sitemaps/sitemaps-2025-2-1-5.xml"", ""https://thanhnien.vn/sitemaps/sitemaps-2025-2-6-10.xml"", ""https://thanhnien.vn/sitemaps/sitemaps-2025-2-11-15.xml"", ""https://thanhnien.vn/sitemaps/sitemaps-2025-2-16-20.xml"", ""https://thanhnien.vn/sitemaps/sitemaps-2025-2-21-25.xml"", ""https://thanhnien.vn/sitemaps/sitemaps-2025-2-26-28.xml"", ""https://thanhnien.vn/sitemaps/sitemaps-2025-1-1-5.xml"", ""https://thanhnien.vn/sitemaps/sitemaps-2025-1-6-10.xml"", ""https://thanhnien.vn/sitemaps/sitemaps-2025-1-11-15.xml"", ""https://thanhnien.vn/sitemaps/sitemaps-2025-1-16-20.xml"", ""https://thanhnien.vn/sitemaps/sitemaps-2025-1-21-25.xml"", ""https://thanhnien.vn/sitemaps/sitemaps-2025-1-26-31.xml"", ""https://thanhnien.vn/sitemaps/sitemaps-2024-12-1-5.xml"", ""https://thanhnien.vn/sitemaps/sitemaps-2024-12-6-10.xml"", ""https://thanhnien.vn/sitemaps/sitemaps-2024-12-11-15.xml"", ""https://thanhnien.vn/sitemaps/sitemaps-2024-12-16-20.xml"", ""https://thanhnien.vn/sitemaps/sitemaps-2024-12-21-25.xml"", ""https://thanhnien.vn/sitemaps/sitemaps-2024-12-26-31.xml"", ""https://thanhnien.vn/sitemaps/sitemaps-2024-11-1-5.xml"", ""https://thanhnien.vn/sitemaps/sitemaps-2024-11-6-10.xml"", ""https://thanhnien.vn/sitemaps/sitemaps-2024-11-11-15.xml"", ""https://thanhnien.vn/sitemaps/sitemaps-2024-11-16-20.xml"", ""https://thanhnien.vn/sitemaps/sitemaps-2024-11-21-25.xml""]",120,200,"Tin kinh tế - Tin tức, thông tin Việt Nam, thế giới mới nhất",8040,265,True,979,False,False,False,True,rss_then_article_extract,medium,active,,2026-06-15 20:15:43.027670
theatlantic_com,https://www.theatlantic.com,https://www.theatlantic.com/,theatlantic.com,https,https://www.theatlantic.com/,https://www.theatlantic.com/robots.txt,True,"[""https://www.theatlantic.com/sitemap.xml"", ""https://www.theatlantic.com/sponsored/sitemap.xml""]",True,True,False,,,True,"[""https://www.theatlantic.com/feed/all/""]",1,True,"[""https://www.theatlantic.com/sitemap.xml"", ""https://www.theatlantic.com/sitemaps/categories.xml"", ""https://www.theatlantic.com/sitemaps/landing.xml"", ""https://www.theatlantic.com/sitemaps/magazine-issues.xml"", ""https://www.theatlantic.com/sitemaps/photo-articles.xml"", ""https://www.theatlantic.com/sitemaps/podcast-series.xml"", ""https://www.theatlantic.com/sitemaps/special-reports.xml"", ""https://www.theatlantic.com/sitemaps/video-articles.xml"", ""https://www.theatlantic.com/sitemaps/video-series.xml"", ""https://www.theatlantic.com/sitemaps/web-pre-2006.xml"", ""https://www.theatlantic.com/sitemaps/web-2006-01.xml"", ""https://www.theatlantic.com/sitemaps/web-2006-02.xml"", ""https://www.theatlantic.com/sitemaps/web-2006-03.xml"", ""https://www.theatlantic.com/sitemaps/web-2006-04.xml"", ""https://www.theatlantic.com/sitemaps/web-2006-05.xml"", ""https://www.theatlantic.com/sitemaps/web-2006-06.xml"", ""https://www.theatlantic.com/sitemaps/web-2006-07.xml"", ""https://www.theatlantic.com/sitemaps/web-2006-08.xml"", ""https://www.theatlantic.com/sitemaps/web-2006-09.xml"", ""https://www.theatlantic.com/sitemaps/web-2006-10.xml"", ""https://www.theatlantic.com/sitemaps/web-2006-11.xml"", ""https://www.theatlantic.com/sitemaps/web-2006-12.xml"", ""https://www.theatlantic.com/sitemaps/web-2007-01.xml"", ""https://www.theatlantic.com/sitemaps/web-2007-02.xml"", ""https://www.theatlantic.com/sitemaps/web-2007-03.xml"", ""https://www.theatlantic.com/sitemaps/web-2007-04.xml"", ""https://www.theatlantic.com/sitemaps/web-2007-05.xml"", ""https://www.theatlantic.com/sitemaps/web-2007-06.xml"", ""https://www.theatlantic.com/sitemaps/web-2007-07.xml"", ""https://www.theatlantic.com/sitemaps/web-2007-08.xml"", ""https://www.theatlantic.com/sitemaps/web-2007-09.xml"", ""https://www.theatlantic.com/sitemaps/web-2007-10.xml"", ""https://www.theatlantic.com/sitemaps/web-2007-11.xml"", ""https://www.theatlantic.com/sitemaps/web-2007-12.xml"", ""https://www.theatlantic.com/sitemaps/web-2008-01.xml"", ""https://www.theatlantic.com/sitemaps/web-2008-02.xml"", ""https://www.theatlantic.com/sitemaps/web-2008-03.xml"", ""https://www.theatlantic.com/sitemaps/web-2008-04.xml"", ""https://www.theatlantic.com/sitemaps/web-2008-05.xml"", ""https://www.theatlantic.com/sitemaps/web-2008-06.xml"", ""https://www.theatlantic.com/sitemaps/web-2008-07.xml"", ""https://www.theatlantic.com/sitemaps/web-2008-08.xml"", ""https://www.theatlantic.com/sitemaps/web-2008-09.xml"", ""https://www.theatlantic.com/sitemaps/web-2008-10.xml"", ""https://www.theatlantic.com/sitemaps/web-2008-11.xml"", ""https://www.theatlantic.com/sitemaps/web-2008-12.xml"", ""https://www.theatlantic.com/sitemaps/web-2009-01.xml"", ""https://www.theatlantic.com/sitemaps/web-2009-02.xml"", ""https://www.theatlantic.com/sitemaps/web-2009-03.xml"", ""https://www.theatlantic.com/sitemaps/web-2009-04.xml"", ""https://www.theatlantic.com/sitemaps/web-2009-05.xml"", ""https://www.theatlantic.com/sitemaps/web-2009-06.xml"", ""https://www.theatlantic.com/sitemaps/web-2009-07.xml"", ""https://www.theatlantic.com/sitemaps/web-2009-08.xml"", ""https://www.theatlantic.com/sitemaps/web-2009-09.xml"", ""https://www.theatlantic.com/sitemaps/web-2009-10.xml"", ""https://www.theatlantic.com/sitemaps/web-2009-11.xml"", ""https://www.theatlantic.com/sitemaps/web-2009-12.xml"", ""https://www.theatlantic.com/sitemaps/web-2010-01.xml"", ""https://www.theatlantic.com/sitemaps/web-2010-02.xml"", ""https://www.theatlantic.com/sitemaps/web-2010-03.xml"", ""https://www.theatlantic.com/sitemaps/web-2010-04.xml"", ""https://www.theatlantic.com/sitemaps/web-2010-05.xml"", ""https://www.theatlantic.com/sitemaps/web-2010-06.xml"", ""https://www.theatlantic.com/sitemaps/web-2010-07.xml"", ""https://www.theatlantic.com/sitemaps/web-2010-08.xml"", ""https://www.theatlantic.com/sitemaps/web-2010-09.xml"", ""https://www.theatlantic.com/sitemaps/web-2010-10.xml"", ""https://www.theatlantic.com/sitemaps/web-2010-11.xml"", ""https://www.theatlantic.com/sitemaps/web-2010-12.xml"", ""https://www.theatlantic.com/sitemaps/web-2011-01.xml"", ""https://www.theatlantic.com/sitemaps/web-2011-02.xml"", ""https://www.theatlantic.com/sitemaps/web-2011-03.xml"", ""https://www.theatlantic.com/sitemaps/web-2011-04.xml"", ""https://www.theatlantic.com/sitemaps/web-2011-05.xml"", ""https://www.theatlantic.com/sitemaps/web-2011-06.xml"", ""https://www.theatlantic.com/sitemaps/web-2011-07.xml"", ""https://www.theatlantic.com/sitemaps/web-2011-08.xml"", ""https://www.theatlantic.com/sitemaps/web-2011-09.xml"", ""https://www.theatlantic.com/sitemaps/web-2011-10.xml"", ""https://www.theatlantic.com/sitemaps/web-2011-11.xml"", ""https://www.theatlantic.com/sitemaps/web-2011-12.xml"", ""https://www.theatlantic.com/sitemaps/web-2012-01.xml"", ""https://www.theatlantic.com/sitemaps/web-2012-02.xml"", ""https://www.theatlantic.com/sitemaps/web-2012-03.xml"", ""https://www.theatlantic.com/sitemaps/web-2012-04.xml"", ""https://www.theatlantic.com/sitemaps/web-2012-05.xml"", ""https://www.theatlantic.com/sitemaps/web-2012-06.xml"", ""https://www.theatlantic.com/sitemaps/web-2012-07.xml"", ""https://www.theatlantic.com/sitemaps/web-2012-08.xml"", ""https://www.theatlantic.com/sitemaps/web-2012-09.xml"", ""https://www.theatlantic.com/sitemaps/web-2012-10.xml"", ""https://www.theatlantic.com/sitemaps/web-2012-11.xml"", ""https://www.theatlantic.com/sitemaps/web-2012-12.xml"", ""https://www.theatlantic.com/sitemaps/web-2013-01.xml"", ""https://www.theatlantic.com/sitemaps/web-2013-02.xml"", ""https://www.theatlantic.com/sitemaps/web-2013-03.xml"", ""https://www.theatlantic.com/sitemaps/web-2013-04.xml"", ""https://www.theatlantic.com/sitemaps/web-2013-05.xml"", ""https://www.theatlantic.com/sitemaps/web-2013-06.xml"", ""https://www.theatlantic.com/sitemaps/web-2013-07.xml"", ""https://www.theatlantic.com/sitemaps/web-2013-08.xml"", ""https://www.theatlantic.com/sitemaps/web-2013-09.xml"", ""https://www.theatlantic.com/sitemaps/web-2013-10.xml"", ""https://www.theatlantic.com/sitemaps/web-2013-11.xml"", ""https://www.theatlantic.com/sitemaps/web-2013-12.xml"", ""https://www.theatlantic.com/sitemaps/web-2014-01.xml"", ""https://www.theatlantic.com/sitemaps/web-2014-02.xml"", ""https://www.theatlantic.com/sitemaps/web-2014-03.xml"", ""https://www.theatlantic.com/sitemaps/web-2014-04.xml"", ""https://www.theatlantic.com/sitemaps/web-2014-05.xml"", ""https://www.theatlantic.com/sitemaps/web-2014-06.xml"", ""https://www.theatlantic.com/sitemaps/web-2014-07.xml"", ""https://www.theatlantic.com/sitemaps/web-2014-08.xml"", ""https://www.theatlantic.com/sitemaps/web-2014-09.xml"", ""https://www.theatlantic.com/sitemaps/web-2014-10.xml"", ""https://www.theatlantic.com/sitemaps/web-2014-11.xml"", ""https://www.theatlantic.com/sitemaps/web-2014-12.xml"", ""https://www.theatlantic.com/sitemaps/web-2015-01.xml"", ""https://www.theatlantic.com/sitemaps/web-2015-02.xml""]",120,200,World Edition - The Atlantic,9162,241,True,2198,True,True,True,True,rss_then_article_extract,medium,active,,2026-06-15 20:15:49.699791
theguardian_com,https://www.theguardian.com/business,https://www.theguardian.com/business,theguardian.com,https,https://www.theguardian.com/business,https://www.theguardian.com/robots.txt,True,"[""http://www.theguardian.com/sitemaps/news.xml"", ""http://www.theguardian.com/sitemaps/video.xml""]",True,True,False,,,True,"[""https://www.theguardian.com/uk/business/rss""]",1,True,"[""http://www.theguardian.com/sitemaps/news.xml"", ""http://www.theguardian.com/sitemaps/video.xml""]",2,200,"Latest financial, market & economic news and analysis | Business | The Guardian",9707,234,True,6850,False,True,True,True,rss_then_article_extract,medium,active,,2026-06-15 20:15:43.031634
thenextweb_com,https://thenextweb.com,https://thenextweb.com/,thenextweb.com,https,https://thenextweb.com/,https://thenextweb.com/robots.txt,True,"[""https://thenextweb.com/sitemap-tnwConf.xml"", ""https://thenextweb.com/sitemap-articles-index.xml""]",True,True,False,,,True,"[""https://thenextweb.com/feed""]",1,True,"[""https://thenextweb.com/sitemap-tnwConf.xml"", ""https://thenextweb.com/sitemap-articles-index.xml"", ""https://thenextweb.com/sitemap-articles-1.xml"", ""https://thenextweb.com/sitemap-articles-10.xml"", ""https://thenextweb.com/sitemap-articles-100.xml"", ""https://thenextweb.com/sitemap-articles-101.xml"", ""https://thenextweb.com/sitemap-articles-102.xml"", ""https://thenextweb.com/sitemap-articles-103.xml"", ""https://thenextweb.com/sitemap-articles-104.xml"", ""https://thenextweb.com/sitemap-articles-105.xml"", ""https://thenextweb.com/sitemap-articles-106.xml"", ""https://thenextweb.com/sitemap-articles-107.xml"", ""https://thenextweb.com/sitemap-articles-108.xml"", ""https://thenextweb.com/sitemap-articles-109.xml"", ""https://thenextweb.com/sitemap-articles-11.xml"", ""https://thenextweb.com/sitemap-articles-110.xml"", ""https://thenextweb.com/sitemap-articles-111.xml"", ""https://thenextweb.com/sitemap-articles-12.xml"", ""https://thenextweb.com/sitemap-articles-13.xml"", ""https://thenextweb.com/sitemap-articles-14.xml"", ""https://thenextweb.com/sitemap-articles-15.xml"", ""https://thenextweb.com/sitemap-articles-16.xml"", ""https://thenextweb.com/sitemap-articles-17.xml"", ""https://thenextweb.com/sitemap-articles-18.xml"", ""https://thenextweb.com/sitemap-articles-19.xml"", ""https://thenextweb.com/sitemap-articles-2.xml"", ""https://thenextweb.com/sitemap-articles-20.xml"", ""https://thenextweb.com/sitemap-articles-21.xml"", ""https://thenextweb.com/sitemap-articles-22.xml"", ""https://thenextweb.com/sitemap-articles-23.xml"", ""https://thenextweb.com/sitemap-articles-24.xml"", ""https://thenextweb.com/sitemap-articles-25.xml"", ""https://thenextweb.com/sitemap-articles-26.xml"", ""https://thenextweb.com/sitemap-articles-27.xml"", ""https://thenextweb.com/sitemap-articles-28.xml"", ""https://thenextweb.com/sitemap-articles-29.xml"", ""https://thenextweb.com/sitemap-articles-3.xml"", ""https://thenextweb.com/sitemap-articles-30.xml"", ""https://thenextweb.com/sitemap-articles-31.xml"", ""https://thenextweb.com/sitemap-articles-32.xml"", ""https://thenextweb.com/sitemap-articles-33.xml"", ""https://thenextweb.com/sitemap-articles-34.xml"", ""https://thenextweb.com/sitemap-articles-35.xml"", ""https://thenextweb.com/sitemap-articles-36.xml"", ""https://thenextweb.com/sitemap-articles-37.xml"", ""https://thenextweb.com/sitemap-articles-38.xml"", ""https://thenextweb.com/sitemap-articles-39.xml"", ""https://thenextweb.com/sitemap-articles-4.xml"", ""https://thenextweb.com/sitemap-articles-40.xml"", ""https://thenextweb.com/sitemap-articles-41.xml"", ""https://thenextweb.com/sitemap-articles-42.xml"", ""https://thenextweb.com/sitemap-articles-43.xml"", ""https://thenextweb.com/sitemap-articles-44.xml"", ""https://thenextweb.com/sitemap-articles-45.xml"", ""https://thenextweb.com/sitemap-articles-46.xml"", ""https://thenextweb.com/sitemap-articles-47.xml"", ""https://thenextweb.com/sitemap-articles-48.xml"", ""https://thenextweb.com/sitemap-articles-49.xml"", ""https://thenextweb.com/sitemap-articles-5.xml"", ""https://thenextweb.com/sitemap-articles-50.xml"", ""https://thenextweb.com/sitemap-articles-51.xml"", ""https://thenextweb.com/sitemap-articles-52.xml"", ""https://thenextweb.com/sitemap-articles-53.xml"", ""https://thenextweb.com/sitemap-articles-54.xml"", ""https://thenextweb.com/sitemap-articles-55.xml"", ""https://thenextweb.com/sitemap-articles-56.xml"", ""https://thenextweb.com/sitemap-articles-57.xml"", ""https://thenextweb.com/sitemap-articles-58.xml"", ""https://thenextweb.com/sitemap-articles-59.xml"", ""https://thenextweb.com/sitemap-articles-6.xml"", ""https://thenextweb.com/sitemap-articles-60.xml"", ""https://thenextweb.com/sitemap-articles-61.xml"", ""https://thenextweb.com/sitemap-articles-62.xml"", ""https://thenextweb.com/sitemap-articles-63.xml"", ""https://thenextweb.com/sitemap-articles-64.xml"", ""https://thenextweb.com/sitemap-articles-65.xml"", ""https://thenextweb.com/sitemap-articles-66.xml"", ""https://thenextweb.com/sitemap-articles-67.xml"", ""https://thenextweb.com/sitemap-articles-68.xml"", ""https://thenextweb.com/sitemap-articles-69.xml"", ""https://thenextweb.com/sitemap-articles-7.xml"", ""https://thenextweb.com/sitemap-articles-70.xml"", ""https://thenextweb.com/sitemap-articles-71.xml"", ""https://thenextweb.com/sitemap-articles-72.xml"", ""https://thenextweb.com/sitemap-articles-73.xml"", ""https://thenextweb.com/sitemap-articles-74.xml"", ""https://thenextweb.com/sitemap-articles-75.xml"", ""https://thenextweb.com/sitemap-articles-76.xml"", ""https://thenextweb.com/sitemap-articles-77.xml"", ""https://thenextweb.com/sitemap-articles-78.xml"", ""https://thenextweb.com/sitemap-articles-79.xml"", ""https://thenextweb.com/sitemap-articles-8.xml"", ""https://thenextweb.com/sitemap-articles-80.xml"", ""https://thenextweb.com/sitemap-articles-81.xml"", ""https://thenextweb.com/sitemap-articles-82.xml"", ""https://thenextweb.com/sitemap-articles-83.xml"", ""https://thenextweb.com/sitemap-articles-84.xml"", ""https://thenextweb.com/sitemap-articles-85.xml"", ""https://thenextweb.com/sitemap-articles-86.xml"", ""https://thenextweb.com/sitemap-articles-87.xml"", ""https://thenextweb.com/sitemap-articles-88.xml"", ""https://thenextweb.com/sitemap-articles-89.xml"", ""https://thenextweb.com/sitemap-articles-9.xml"", ""https://thenextweb.com/sitemap-articles-90.xml"", ""https://thenextweb.com/sitemap-articles-91.xml"", ""https://thenextweb.com/sitemap-articles-92.xml"", ""https://thenextweb.com/sitemap-articles-93.xml"", ""https://thenextweb.com/sitemap-articles-94.xml"", ""https://thenextweb.com/sitemap-articles-95.xml"", ""https://thenextweb.com/sitemap-articles-96.xml"", ""https://thenextweb.com/sitemap-articles-97.xml"", ""https://thenextweb.com/sitemap-articles-98.xml"", ""https://thenextweb.com/sitemap-articles-99.xml"", ""https://thenextweb.com/sitemap.xml""]",114,200,TNW | The heart of tech,5174,174,True,1482,False,True,False,False,rss_then_article_extract,medium,active,,2026-06-15 20:15:43.038070
theverge_com,https://www.theverge.com,https://www.theverge.com/,theverge.com,https,https://www.theverge.com/,https://www.theverge.com/robots.txt,True,"[""https://www.theverge.com/sitemaps/google_news"", ""https://www.theverge.com/sitemaps""]",True,True,False,,,True,"[""https://www.theverge.com/rss/index.xml""]",1,True,"[""https://www.theverge.com/sitemaps/google_news"", ""https://www.theverge.com/sitemaps"", ""https://www.theverge.com/sitemaps/entries/2026/6"", ""https://www.theverge.com/sitemaps/entries/2026/5"", ""https://www.theverge.com/sitemaps/entries/2026/4"", ""https://www.theverge.com/sitemaps/entries/2026/3"", ""https://www.theverge.com/sitemaps/entries/2026/2"", ""https://www.theverge.com/sitemaps/entries/2026/1"", ""https://www.theverge.com/sitemaps/entries/2025/12"", ""https://www.theverge.com/sitemaps/entries/2025/11"", ""https://www.theverge.com/sitemaps/entries/2025/10"", ""https://www.theverge.com/sitemaps/entries/2025/9"", ""https://www.theverge.com/sitemaps/entries/2025/8"", ""https://www.theverge.com/sitemaps/entries/2025/7"", ""https://www.theverge.com/sitemaps/entries/2025/6"", ""https://www.theverge.com/sitemaps/entries/2025/5"", ""https://www.theverge.com/sitemaps/entries/2025/4"", ""https://www.theverge.com/sitemaps/entries/2025/3"", ""https://www.theverge.com/sitemaps/entries/2025/2"", ""https://www.theverge.com/sitemaps/entries/2025/1"", ""https://www.theverge.com/sitemaps/entries/2024/12"", ""https://www.theverge.com/sitemaps/entries/2024/11"", ""https://www.theverge.com/sitemaps/entries/2024/10"", ""https://www.theverge.com/sitemaps/entries/2024/9"", ""https://www.theverge.com/sitemaps/entries/2024/8"", ""https://www.theverge.com/sitemaps/entries/2024/7"", ""https://www.theverge.com/sitemaps/entries/2024/6"", ""https://www.theverge.com/sitemaps/entries/2024/5"", ""https://www.theverge.com/sitemaps/entries/2024/4"", ""https://www.theverge.com/sitemaps/entries/2024/3"", ""https://www.theverge.com/sitemaps/entries/2024/2"", ""https://www.theverge.com/sitemaps/entries/2024/1"", ""https://www.theverge.com/sitemaps/entries/2023/12"", ""https://www.theverge.com/sitemaps/entries/2023/11"", ""https://www.theverge.com/sitemaps/entries/2023/10"", ""https://www.theverge.com/sitemaps/entries/2023/9"", ""https://www.theverge.com/sitemaps/entries/2023/8"", ""https://www.theverge.com/sitemaps/entries/2023/7"", ""https://www.theverge.com/sitemaps/entries/2023/6"", ""https://www.theverge.com/sitemaps/entries/2023/5"", ""https://www.theverge.com/sitemaps/entries/2023/4"", ""https://www.theverge.com/sitemaps/entries/2023/3"", ""https://www.theverge.com/sitemaps/entries/2023/2"", ""https://www.theverge.com/sitemaps/entries/2023/1"", ""https://www.theverge.com/sitemaps/entries/2022/12"", ""https://www.theverge.com/sitemaps/entries/2022/11"", ""https://www.theverge.com/sitemaps/entries/2022/10"", ""https://www.theverge.com/sitemaps/entries/2022/9"", ""https://www.theverge.com/sitemaps/entries/2022/8"", ""https://www.theverge.com/sitemaps/entries/2022/7"", ""https://www.theverge.com/sitemaps/entries/2022/6"", ""https://www.theverge.com/sitemaps/entries/2022/5"", ""https://www.theverge.com/sitemaps/entries/2022/4"", ""https://www.theverge.com/sitemaps/entries/2022/3"", ""https://www.theverge.com/sitemaps/entries/2022/2"", ""https://www.theverge.com/sitemaps/entries/2022/1"", ""https://www.theverge.com/sitemaps/entries/2021/12"", ""https://www.theverge.com/sitemaps/entries/2021/11"", ""https://www.theverge.com/sitemaps/entries/2021/10"", ""https://www.theverge.com/sitemaps/entries/2021/9"", ""https://www.theverge.com/sitemaps/entries/2021/8"", ""https://www.theverge.com/sitemaps/entries/2021/7"", ""https://www.theverge.com/sitemaps/entries/2021/6"", ""https://www.theverge.com/sitemaps/entries/2021/5"", ""https://www.theverge.com/sitemaps/entries/2021/4"", ""https://www.theverge.com/sitemaps/entries/2021/3"", ""https://www.theverge.com/sitemaps/entries/2021/2"", ""https://www.theverge.com/sitemaps/entries/2021/1"", ""https://www.theverge.com/sitemaps/entries/2020/12"", ""https://www.theverge.com/sitemaps/entries/2020/11"", ""https://www.theverge.com/sitemaps/entries/2020/10"", ""https://www.theverge.com/sitemaps/entries/2020/9"", ""https://www.theverge.com/sitemaps/entries/2020/8"", ""https://www.theverge.com/sitemaps/entries/2020/7"", ""https://www.theverge.com/sitemaps/entries/2020/6"", ""https://www.theverge.com/sitemaps/entries/2020/5"", ""https://www.theverge.com/sitemaps/entries/2020/4"", ""https://www.theverge.com/sitemaps/entries/2020/3"", ""https://www.theverge.com/sitemaps/entries/2020/2"", ""https://www.theverge.com/sitemaps/entries/2020/1"", ""https://www.theverge.com/sitemaps/entries/2019/12"", ""https://www.theverge.com/sitemaps/entries/2019/11"", ""https://www.theverge.com/sitemaps/entries/2019/10"", ""https://www.theverge.com/sitemaps/entries/2019/9"", ""https://www.theverge.com/sitemaps/entries/2019/8"", ""https://www.theverge.com/sitemaps/entries/2019/7"", ""https://www.theverge.com/sitemaps/entries/2019/6"", ""https://www.theverge.com/sitemaps/entries/2019/5"", ""https://www.theverge.com/sitemaps/entries/2019/4"", ""https://www.theverge.com/sitemaps/entries/2019/3"", ""https://www.theverge.com/sitemaps/entries/2019/2"", ""https://www.theverge.com/sitemaps/entries/2019/1"", ""https://www.theverge.com/sitemaps/entries/2018/12"", ""https://www.theverge.com/sitemaps/entries/2018/11"", ""https://www.theverge.com/sitemaps/entries/2018/10"", ""https://www.theverge.com/sitemaps/entries/2018/9"", ""https://www.theverge.com/sitemaps/entries/2018/8"", ""https://www.theverge.com/sitemaps/entries/2018/7"", ""https://www.theverge.com/sitemaps/entries/2018/6"", ""https://www.theverge.com/sitemaps/entries/2018/5"", ""https://www.theverge.com/sitemaps/entries/2018/4"", ""https://www.theverge.com/sitemaps/entries/2018/3"", ""https://www.theverge.com/sitemaps/entries/2018/2"", ""https://www.theverge.com/sitemaps/entries/2018/1"", ""https://www.theverge.com/sitemaps/entries/2017/12"", ""https://www.theverge.com/sitemaps/entries/2017/11"", ""https://www.theverge.com/sitemaps/entries/2017/10"", ""https://www.theverge.com/sitemaps/entries/2017/9"", ""https://www.theverge.com/sitemaps/entries/2017/8"", ""https://www.theverge.com/sitemaps/entries/2017/7"", ""https://www.theverge.com/sitemaps/entries/2017/6"", ""https://www.theverge.com/sitemaps/entries/2017/5"", ""https://www.theverge.com/sitemaps/entries/2017/4"", ""https://www.theverge.com/sitemaps/entries/2017/3"", ""https://www.theverge.com/sitemaps/entries/2017/2"", ""https://www.theverge.com/sitemaps/entries/2017/1"", ""https://www.theverge.com/sitemaps/entries/2016/12"", ""https://www.theverge.com/sitemaps/entries/2016/11"", ""https://www.theverge.com/sitemaps/entries/2016/10"", ""https://www.theverge.com/sitemaps/entries/2016/9""]",120,200,The Verge,14840,213,True,6699,True,True,False,True,rss_then_article_extract,medium,active,,2026-06-15 20:15:43.037031
tienphong_vn,https://tienphong.vn,https://tienphong.vn/,tienphong.vn,https,https://tienphong.vn/,https://tienphong.vn/robots.txt,True,"[""https://tienphong.vn/sitemaps.xml"", ""https://tienphong.vn/sitemaps/daily-news.xml"", ""https://tienphong.vn/sitemaps/newsindex.xml"", ""https://tienphong.vn/sitemaps/google-news.xml""]",True,True,False,,,True,"[""https://tienphong.vn/rss/home.rss""]",1,True,"[""https://tienphong.vn/sitemaps.xml"", ""https://tienphong.vn/sitemaps/categories.xml"", ""https://tienphong.vn/sitemaps/topics.xml"", ""https://tienphong.vn/sitemaps/news-2026-6.xml"", ""https://tienphong.vn/sitemaps/google-news.xml"", ""https://tienphong.vn/sitemaps/news-2026-5.xml"", ""https://tienphong.vn/sitemaps/news-2026-4.xml"", ""https://tienphong.vn/sitemaps/news-2026-3.xml"", ""https://tienphong.vn/sitemaps/news-2026-2.xml"", ""https://tienphong.vn/sitemaps/news-2026-1.xml"", ""https://tienphong.vn/sitemaps/news-2025-12.xml"", ""https://tienphong.vn/sitemaps/news-2025-11.xml"", ""https://tienphong.vn/sitemaps/news-2025-10.xml"", ""https://tienphong.vn/sitemaps/news-2025-9.xml"", ""https://tienphong.vn/sitemaps/news-2025-8.xml"", ""https://tienphong.vn/sitemaps/news-2025-7.xml"", ""https://tienphong.vn/sitemaps/news-2025-6.xml"", ""https://tienphong.vn/sitemaps/news-2025-5.xml"", ""https://tienphong.vn/sitemaps/news-2025-4.xml"", ""https://tienphong.vn/sitemaps/news-2025-3.xml"", ""https://tienphong.vn/sitemaps/news-2025-2.xml"", ""https://tienphong.vn/sitemaps/news-2025-1.xml"", ""https://tienphong.vn/sitemaps/news-2024-12.xml"", ""https://tienphong.vn/sitemaps/news-2024-11.xml"", ""https://tienphong.vn/sitemaps/news-2024-10.xml"", ""https://tienphong.vn/sitemaps/news-2024-9.xml"", ""https://tienphong.vn/sitemaps/news-2024-8.xml"", ""https://tienphong.vn/sitemaps/news-2024-7.xml"", ""https://tienphong.vn/sitemaps/news-2024-6.xml"", ""https://tienphong.vn/sitemaps/news-2024-5.xml"", ""https://tienphong.vn/sitemaps/news-2024-4.xml"", ""https://tienphong.vn/sitemaps/news-2024-3.xml"", ""https://tienphong.vn/sitemaps/news-2024-2.xml"", ""https://tienphong.vn/sitemaps/news-2024-1.xml"", ""https://tienphong.vn/sitemaps/news-2023-12.xml"", ""https://tienphong.vn/sitemaps/news-2023-11.xml"", ""https://tienphong.vn/sitemaps/news-2023-10.xml"", ""https://tienphong.vn/sitemaps/news-2023-9.xml"", ""https://tienphong.vn/sitemaps/news-2023-8.xml"", ""https://tienphong.vn/sitemaps/news-2023-7.xml"", ""https://tienphong.vn/sitemaps/news-2023-6.xml"", ""https://tienphong.vn/sitemaps/news-2023-5.xml"", ""https://tienphong.vn/sitemaps/news-2023-4.xml"", ""https://tienphong.vn/sitemaps/news-2023-3.xml"", ""https://tienphong.vn/sitemaps/news-2023-2.xml"", ""https://tienphong.vn/sitemaps/news-2023-1.xml"", ""https://tienphong.vn/sitemaps/news-2022-12.xml"", ""https://tienphong.vn/sitemaps/news-2022-11.xml"", ""https://tienphong.vn/sitemaps/news-2022-10.xml"", ""https://tienphong.vn/sitemaps/news-2022-9.xml"", ""https://tienphong.vn/sitemaps/news-2022-8.xml"", ""https://tienphong.vn/sitemaps/news-2022-7.xml"", ""https://tienphong.vn/sitemaps/news-2022-6.xml"", ""https://tienphong.vn/sitemaps/news-2022-5.xml"", ""https://tienphong.vn/sitemaps/news-2022-4.xml"", ""https://tienphong.vn/sitemaps/news-2022-3.xml"", ""https://tienphong.vn/sitemaps/news-2022-1.xml"", ""https://tienphong.vn/sitemaps/news-2021-12.xml"", ""https://tienphong.vn/sitemaps/news-2021-11.xml"", ""https://tienphong.vn/sitemaps/news-2021-10.xml"", ""https://tienphong.vn/sitemaps/news-2021-9.xml"", ""https://tienphong.vn/sitemaps/news-2021-8.xml"", ""https://tienphong.vn/sitemaps/news-2021-7.xml"", ""https://tienphong.vn/sitemaps/news-2021-6.xml"", ""https://tienphong.vn/sitemaps/news-2021-5.xml"", ""https://tienphong.vn/sitemaps/news-2021-4.xml"", ""https://tienphong.vn/sitemaps/news-2021-3.xml"", ""https://tienphong.vn/sitemaps/news-2021-2.xml"", ""https://tienphong.vn/sitemaps/news-2021-1.xml"", ""https://tienphong.vn/sitemaps/news-2020-11.xml"", ""https://tienphong.vn/sitemaps/news-2020-10.xml"", ""https://tienphong.vn/sitemaps/news-2020-9.xml"", ""https://tienphong.vn/sitemaps/news-2020-8.xml"", ""https://tienphong.vn/sitemaps/news-2020-7.xml"", ""https://tienphong.vn/sitemaps/news-2020-6.xml"", ""https://tienphong.vn/sitemaps/news-2020-5.xml"", ""https://tienphong.vn/sitemaps/news-2020-4.xml"", ""https://tienphong.vn/sitemaps/news-2020-3.xml"", ""https://tienphong.vn/sitemaps/news-2020-2.xml"", ""https://tienphong.vn/sitemaps/news-2020-1.xml"", ""https://tienphong.vn/sitemaps/news-2019-12.xml"", ""https://tienphong.vn/sitemaps/news-2019-11.xml"", ""https://tienphong.vn/sitemaps/news-2019-10.xml"", ""https://tienphong.vn/sitemaps/news-2019-9.xml"", ""https://tienphong.vn/sitemaps/news-2019-8.xml"", ""https://tienphong.vn/sitemaps/news-2019-7.xml"", ""https://tienphong.vn/sitemaps/news-2019-6.xml"", ""https://tienphong.vn/sitemaps/news-2019-5.xml"", ""https://tienphong.vn/sitemaps/news-2019-4.xml"", ""https://tienphong.vn/sitemaps/news-2019-3.xml"", ""https://tienphong.vn/sitemaps/news-2019-2.xml"", ""https://tienphong.vn/sitemaps/news-2019-1.xml"", ""https://tienphong.vn/sitemaps/news-2018-12.xml"", ""https://tienphong.vn/sitemaps/news-2018-11.xml"", ""https://tienphong.vn/sitemaps/news-2018-10.xml"", ""https://tienphong.vn/sitemaps/news-2018-9.xml"", ""https://tienphong.vn/sitemaps/news-2018-8.xml"", ""https://tienphong.vn/sitemaps/news-2018-7.xml"", ""https://tienphong.vn/sitemaps/news-2018-6.xml"", ""https://tienphong.vn/sitemaps/news-2018-5.xml"", ""https://tienphong.vn/sitemaps/news-2018-4.xml"", ""https://tienphong.vn/sitemaps/news-2018-3.xml"", ""https://tienphong.vn/sitemaps/news-2018-2.xml"", ""https://tienphong.vn/sitemaps/news-2018-1.xml"", ""https://tienphong.vn/sitemaps/news-2017-12.xml"", ""https://tienphong.vn/sitemaps/news-2017-11.xml"", ""https://tienphong.vn/sitemaps/news-2017-10.xml"", ""https://tienphong.vn/sitemaps/news-2017-9.xml"", ""https://tienphong.vn/sitemaps/news-2017-8.xml"", ""https://tienphong.vn/sitemaps/news-2017-7.xml"", ""https://tienphong.vn/sitemaps/news-2017-6.xml"", ""https://tienphong.vn/sitemaps/news-2017-5.xml"", ""https://tienphong.vn/sitemaps/news-2017-4.xml"", ""https://tienphong.vn/sitemaps/news-2017-3.xml"", ""https://tienphong.vn/sitemaps/news-2017-2.xml"", ""https://tienphong.vn/sitemaps/news-2017-1.xml"", ""https://tienphong.vn/sitemaps/news-2016-12.xml"", ""https://tienphong.vn/sitemaps/news-2016-11.xml"", ""https://tienphong.vn/sitemaps/news-2016-10.xml"", ""https://tienphong.vn/sitemaps/news-2016-9.xml""]",120,200,Báo điện tử Tiền Phong,25899,850,True,6921,False,True,False,False,rss_then_article_extract,medium,active,,2026-06-15 20:15:43.042781
time_com,https://time.com,https://time.com/,time.com,https,https://time.com/,https://time.com/robots.txt,True,"[""https://time.com/sitemap.xml"", ""https://time.com/news-sitemap.xml"", ""https://time.com/branded-content-sitemap.xml"", ""https://time.com/video-sitemap.xml"", ""https://time.com/coupons/sitemap.xml"", ""https://time.com/archive-sitemaps.xml"", ""https://time.com/sitemap-sections.xml"", ""https://time.com/sitemap-tags.xml""]",True,True,False,,,True,"[""https://time.com/feed""]",1,True,"[""https://time.com/sitemap.xml"", ""https://time.com/sitemap.xml?yyyy=2026&mm=06&dd=15"", ""https://time.com/sitemap.xml?yyyy=2026&mm=06&dd=14"", ""https://time.com/sitemap.xml?yyyy=2026&mm=06&dd=13"", ""https://time.com/sitemap.xml?yyyy=2026&mm=06&dd=12"", ""https://time.com/sitemap.xml?yyyy=2026&mm=06&dd=11"", ""https://time.com/sitemap.xml?yyyy=2026&mm=06&dd=10"", ""https://time.com/sitemap.xml?yyyy=2026&mm=06&dd=09"", ""https://time.com/sitemap.xml?yyyy=2026&mm=06&dd=08"", ""https://time.com/sitemap.xml?yyyy=2026&mm=06&dd=07"", ""https://time.com/sitemap.xml?yyyy=2026&mm=06&dd=06"", ""https://time.com/sitemap.xml?yyyy=2026&mm=06&dd=05"", ""https://time.com/sitemap.xml?yyyy=2026&mm=06&dd=04"", ""https://time.com/sitemap.xml?yyyy=2026&mm=06&dd=03"", ""https://time.com/sitemap.xml?yyyy=2026&mm=06&dd=02"", ""https://time.com/sitemap.xml?yyyy=2026&mm=06&dd=01"", ""https://time.com/sitemap.xml?yyyy=2026&mm=05&dd=31"", ""https://time.com/sitemap.xml?yyyy=2026&mm=05&dd=30"", ""https://time.com/sitemap.xml?yyyy=2026&mm=05&dd=29"", ""https://time.com/sitemap.xml?yyyy=2026&mm=05&dd=28"", ""https://time.com/sitemap.xml?yyyy=2026&mm=05&dd=27"", ""https://time.com/sitemap.xml?yyyy=2026&mm=05&dd=26"", ""https://time.com/sitemap.xml?yyyy=2026&mm=05&dd=25"", ""https://time.com/sitemap.xml?yyyy=2026&mm=05&dd=24"", ""https://time.com/sitemap.xml?yyyy=2026&mm=05&dd=23"", ""https://time.com/sitemap.xml?yyyy=2026&mm=05&dd=22"", ""https://time.com/sitemap.xml?yyyy=2026&mm=05&dd=21"", ""https://time.com/sitemap.xml?yyyy=2026&mm=05&dd=20"", ""https://time.com/sitemap.xml?yyyy=2026&mm=05&dd=19"", ""https://time.com/sitemap.xml?yyyy=2026&mm=05&dd=18"", ""https://time.com/sitemap.xml?yyyy=2026&mm=05&dd=17"", ""https://time.com/sitemap.xml?yyyy=2026&mm=05&dd=16"", ""https://time.com/sitemap.xml?yyyy=2026&mm=05&dd=15"", ""https://time.com/sitemap.xml?yyyy=2026&mm=05&dd=14"", ""https://time.com/sitemap.xml?yyyy=2026&mm=05&dd=13"", ""https://time.com/sitemap.xml?yyyy=2026&mm=05&dd=12"", ""https://time.com/sitemap.xml?yyyy=2026&mm=05&dd=11"", ""https://time.com/sitemap.xml?yyyy=2026&mm=05&dd=10"", ""https://time.com/sitemap.xml?yyyy=2026&mm=05&dd=09"", ""https://time.com/sitemap.xml?yyyy=2026&mm=05&dd=08"", ""https://time.com/sitemap.xml?yyyy=2026&mm=05&dd=07"", ""https://time.com/sitemap.xml?yyyy=2026&mm=05&dd=06"", ""https://time.com/sitemap.xml?yyyy=2026&mm=05&dd=05"", ""https://time.com/sitemap.xml?yyyy=2026&mm=05&dd=04"", ""https://time.com/sitemap.xml?yyyy=2026&mm=05&dd=03"", ""https://time.com/sitemap.xml?yyyy=2026&mm=05&dd=02"", ""https://time.com/sitemap.xml?yyyy=2026&mm=05&dd=01"", ""https://time.com/sitemap.xml?yyyy=2026&mm=04&dd=30"", ""https://time.com/sitemap.xml?yyyy=2026&mm=04&dd=29"", ""https://time.com/sitemap.xml?yyyy=2026&mm=04&dd=28"", ""https://time.com/sitemap.xml?yyyy=2026&mm=04&dd=27"", ""https://time.com/sitemap.xml?yyyy=2026&mm=04&dd=26"", ""https://time.com/sitemap.xml?yyyy=2026&mm=04&dd=25"", ""https://time.com/sitemap.xml?yyyy=2026&mm=04&dd=24"", ""https://time.com/sitemap.xml?yyyy=2026&mm=04&dd=23"", ""https://time.com/sitemap.xml?yyyy=2026&mm=04&dd=22"", ""https://time.com/sitemap.xml?yyyy=2026&mm=04&dd=21"", ""https://time.com/sitemap.xml?yyyy=2026&mm=04&dd=20"", ""https://time.com/sitemap.xml?yyyy=2026&mm=04&dd=19"", ""https://time.com/sitemap.xml?yyyy=2026&mm=04&dd=18"", ""https://time.com/sitemap.xml?yyyy=2026&mm=04&dd=17"", ""https://time.com/sitemap.xml?yyyy=2026&mm=04&dd=16"", ""https://time.com/sitemap.xml?yyyy=2026&mm=04&dd=15"", ""https://time.com/sitemap.xml?yyyy=2026&mm=04&dd=14"", ""https://time.com/sitemap.xml?yyyy=2026&mm=04&dd=13"", ""https://time.com/sitemap.xml?yyyy=2026&mm=04&dd=12"", ""https://time.com/sitemap.xml?yyyy=2026&mm=04&dd=11"", ""https://time.com/sitemap.xml?yyyy=2026&mm=04&dd=10"", ""https://time.com/sitemap.xml?yyyy=2026&mm=04&dd=09"", ""https://time.com/sitemap.xml?yyyy=2026&mm=04&dd=08"", ""https://time.com/sitemap.xml?yyyy=2026&mm=04&dd=07"", ""https://time.com/sitemap.xml?yyyy=2026&mm=04&dd=06"", ""https://time.com/sitemap.xml?yyyy=2026&mm=04&dd=05"", ""https://time.com/sitemap.xml?yyyy=2026&mm=04&dd=04"", ""https://time.com/sitemap.xml?yyyy=2026&mm=04&dd=03"", ""https://time.com/sitemap.xml?yyyy=2026&mm=04&dd=02"", ""https://time.com/sitemap.xml?yyyy=2026&mm=04&dd=01"", ""https://time.com/sitemap.xml?yyyy=2026&mm=03&dd=31"", ""https://time.com/sitemap.xml?yyyy=2026&mm=03&dd=30"", ""https://time.com/sitemap.xml?yyyy=2026&mm=03&dd=29"", ""https://time.com/sitemap.xml?yyyy=2026&mm=03&dd=28"", ""https://time.com/sitemap.xml?yyyy=2026&mm=03&dd=27"", ""https://time.com/sitemap.xml?yyyy=2026&mm=03&dd=26"", ""https://time.com/sitemap.xml?yyyy=2026&mm=03&dd=25"", ""https://time.com/sitemap.xml?yyyy=2026&mm=03&dd=24"", ""https://time.com/sitemap.xml?yyyy=2026&mm=03&dd=23"", ""https://time.com/sitemap.xml?yyyy=2026&mm=03&dd=22"", ""https://time.com/sitemap.xml?yyyy=2026&mm=03&dd=21"", ""https://time.com/sitemap.xml?yyyy=2026&mm=03&dd=20"", ""https://time.com/sitemap.xml?yyyy=2026&mm=03&dd=19"", ""https://time.com/sitemap.xml?yyyy=2026&mm=03&dd=18"", ""https://time.com/sitemap.xml?yyyy=2026&mm=03&dd=17"", ""https://time.com/sitemap.xml?yyyy=2026&mm=03&dd=16"", ""https://time.com/sitemap.xml?yyyy=2026&mm=03&dd=15"", ""https://time.com/sitemap.xml?yyyy=2026&mm=03&dd=14"", ""https://time.com/sitemap.xml?yyyy=2026&mm=03&dd=13"", ""https://time.com/sitemap.xml?yyyy=2026&mm=03&dd=12"", ""https://time.com/sitemap.xml?yyyy=2026&mm=03&dd=11"", ""https://time.com/sitemap.xml?yyyy=2026&mm=03&dd=10"", ""https://time.com/sitemap.xml?yyyy=2026&mm=03&dd=09"", ""https://time.com/sitemap.xml?yyyy=2026&mm=03&dd=08"", ""https://time.com/sitemap.xml?yyyy=2026&mm=03&dd=07"", ""https://time.com/sitemap.xml?yyyy=2026&mm=03&dd=06"", ""https://time.com/sitemap.xml?yyyy=2026&mm=03&dd=05"", ""https://time.com/sitemap.xml?yyyy=2026&mm=03&dd=04"", ""https://time.com/sitemap.xml?yyyy=2026&mm=03&dd=03"", ""https://time.com/sitemap.xml?yyyy=2026&mm=03&dd=02"", ""https://time.com/sitemap.xml?yyyy=2026&mm=03&dd=01"", ""https://time.com/sitemap.xml?yyyy=2026&mm=02&dd=28"", ""https://time.com/sitemap.xml?yyyy=2026&mm=02&dd=27"", ""https://time.com/sitemap.xml?yyyy=2026&mm=02&dd=26"", ""https://time.com/sitemap.xml?yyyy=2026&mm=02&dd=25"", ""https://time.com/sitemap.xml?yyyy=2026&mm=02&dd=24"", ""https://time.com/sitemap.xml?yyyy=2026&mm=02&dd=23"", ""https://time.com/sitemap.xml?yyyy=2026&mm=02&dd=22"", ""https://time.com/sitemap.xml?yyyy=2026&mm=02&dd=21"", ""https://time.com/sitemap.xml?yyyy=2026&mm=02&dd=20"", ""https://time.com/sitemap.xml?yyyy=2026&mm=02&dd=19"", ""https://time.com/sitemap.xml?yyyy=2026&mm=02&dd=18"", ""https://time.com/sitemap.xml?yyyy=2026&mm=02&dd=17""]",120,200,,11951,229,True,2277,False,True,True,False,rss_then_article_extract,medium,active,,2026-06-15 20:15:43.031299
tradingeconomics_com,https://tradingeconomics.com,https://tradingeconomics.com/,tradingeconomics.com,https,https://tradingeconomics.com/,https://tradingeconomics.com/robots.txt,True,"[""https://tradingeconomics.com/sitemap.xml""]",False,True,False,,,False,[],0,True,"[""https://tradingeconomics.com/sitemap.xml"", ""https://tradingeconomics.com/sitemap.xml.gz""]",2,200,TRADING ECONOMICS | 20 million INDICATORS FROM 196 COUNTRIES,10539,355,True,1175,False,True,False,True,sitemap_then_article_extract,medium,active,,2026-06-15 20:15:43.032817
tuoitre_vn,https://tuoitre.vn/kinh-doanh.htm,https://tuoitre.vn/kinh-doanh.htm,tuoitre.vn,https,https://tuoitre.vn/kinh-doanh.htm,https://tuoitre.vn/robots.txt,True,"[""https://tuoitre.vn/sitemaps/index.rss"", ""https://tuoitre.vn/sitemaps/latest-news.rss""]",True,True,False,,,False,[],0,True,"[""https://tuoitre.vn/sitemaps/index.rss"", ""https://tuoitre.vn/sitemaps/category.rss"", ""https://tuoitre.vn/sitemaps/latest-news.rss"", ""https://tuoitre.vn/StaticSitemaps/sitemaps-2026-6.xml"", ""https://tuoitre.vn/StaticSitemaps/sitemaps-2026-5.xml"", ""https://tuoitre.vn/StaticSitemaps/sitemaps-2026-4.xml"", ""https://tuoitre.vn/StaticSitemaps/sitemaps-2026-3.xml"", ""https://tuoitre.vn/StaticSitemaps/sitemaps-2026-2.xml"", ""https://tuoitre.vn/StaticSitemaps/sitemaps-2026-1.xml"", ""https://tuoitre.vn/StaticSitemaps/sitemaps-2025-12.xml"", ""https://tuoitre.vn/StaticSitemaps/sitemaps-2025-11.xml"", ""https://tuoitre.vn/StaticSitemaps/sitemaps-2025-10.xml"", ""https://tuoitre.vn/StaticSitemaps/sitemaps-2025-9.xml"", ""https://tuoitre.vn/StaticSitemaps/sitemaps-2025-8.xml"", ""https://tuoitre.vn/StaticSitemaps/sitemaps-2025-7.xml"", ""https://tuoitre.vn/StaticSitemaps/sitemaps-2025-6.xml"", ""https://tuoitre.vn/StaticSitemaps/sitemaps-2025-5.xml"", ""https://tuoitre.vn/StaticSitemaps/sitemaps-2025-4.xml"", ""https://tuoitre.vn/StaticSitemaps/sitemaps-2025-3.xml"", ""https://tuoitre.vn/StaticSitemaps/sitemaps-2025-2.xml"", ""https://tuoitre.vn/StaticSitemaps/sitemaps-2025-1.xml"", ""https://tuoitre.vn/StaticSitemaps/sitemaps-2024-12.xml"", ""https://tuoitre.vn/StaticSitemaps/sitemaps-2024-11.xml"", ""https://tuoitre.vn/StaticSitemaps/sitemaps-2024-10.xml"", ""https://tuoitre.vn/StaticSitemaps/sitemaps-2024-9.xml"", ""https://tuoitre.vn/StaticSitemaps/sitemaps-2024-8.xml"", ""https://tuoitre.vn/StaticSitemaps/sitemaps-2024-7.xml"", ""https://tuoitre.vn/StaticSitemaps/sitemaps-2024-6.xml"", ""https://tuoitre.vn/StaticSitemaps/sitemaps-2024-5.xml"", ""https://tuoitre.vn/StaticSitemaps/sitemaps-2024-4.xml"", ""https://tuoitre.vn/StaticSitemaps/sitemaps-2024-3.xml"", ""https://tuoitre.vn/StaticSitemaps/sitemaps-2024-2.xml"", ""https://tuoitre.vn/StaticSitemaps/sitemaps-2024-1.xml"", ""https://tuoitre.vn/StaticSitemaps/sitemaps-2023-12.xml"", ""https://tuoitre.vn/StaticSitemaps/sitemaps-2023-11.xml"", ""https://tuoitre.vn/StaticSitemaps/sitemaps-2023-10.xml"", ""https://tuoitre.vn/StaticSitemaps/sitemaps-2023-9.xml"", ""https://tuoitre.vn/StaticSitemaps/sitemaps-2023-8.xml"", ""https://tuoitre.vn/StaticSitemaps/sitemaps-2023-7.xml"", ""https://tuoitre.vn/StaticSitemaps/sitemaps-2023-6.xml"", ""https://tuoitre.vn/StaticSitemaps/sitemaps-2023-5.xml"", ""https://tuoitre.vn/StaticSitemaps/sitemaps-2023-4.xml"", ""https://tuoitre.vn/StaticSitemaps/sitemaps-2023-3.xml"", ""https://tuoitre.vn/StaticSitemaps/sitemaps-2023-2.xml"", ""https://tuoitre.vn/StaticSitemaps/sitemaps-2023-1.xml"", ""https://tuoitre.vn/StaticSitemaps/sitemaps-2022-12.xml"", ""https://tuoitre.vn/StaticSitemaps/sitemaps-2022-11.xml"", ""https://tuoitre.vn/StaticSitemaps/sitemaps-2022-10.xml"", ""https://tuoitre.vn/StaticSitemaps/sitemaps-2022-9.xml"", ""https://tuoitre.vn/StaticSitemaps/sitemaps-2022-8.xml"", ""https://tuoitre.vn/StaticSitemaps/sitemaps-2022-7.xml"", ""https://tuoitre.vn/StaticSitemaps/sitemaps-2022-6.xml"", ""https://tuoitre.vn/StaticSitemaps/sitemaps-2022-5.xml"", ""https://tuoitre.vn/StaticSitemaps/sitemaps-2022-4.xml"", ""https://tuoitre.vn/StaticSitemaps/sitemaps-2022-3.xml"", ""https://tuoitre.vn/StaticSitemaps/sitemaps-2022-2.xml"", ""https://tuoitre.vn/StaticSitemaps/sitemaps-2022-1.xml"", ""https://tuoitre.vn/StaticSitemaps/sitemaps-2021-12.xml"", ""https://tuoitre.vn/StaticSitemaps/sitemaps-2021-11.xml"", ""https://tuoitre.vn/StaticSitemaps/sitemaps-2021-10.xml"", ""https://tuoitre.vn/StaticSitemaps/sitemaps-2021-9.xml"", ""https://tuoitre.vn/StaticSitemaps/sitemaps-2021-8.xml"", ""https://tuoitre.vn/StaticSitemaps/sitemaps-2021-7.xml"", ""https://tuoitre.vn/StaticSitemaps/sitemaps-2021-6.xml"", ""https://tuoitre.vn/StaticSitemaps/sitemaps-2021-5.xml"", ""https://tuoitre.vn/StaticSitemaps/sitemaps-2021-4.xml"", ""https://tuoitre.vn/StaticSitemaps/sitemaps-2021-3.xml"", ""https://tuoitre.vn/StaticSitemaps/sitemaps-2021-2.xml"", ""https://tuoitre.vn/StaticSitemaps/sitemaps-2021-1.xml"", ""https://tuoitre.vn/StaticSitemaps/sitemaps-2020-12.xml"", ""https://tuoitre.vn/StaticSitemaps/sitemaps-2020-11.xml"", ""https://tuoitre.vn/StaticSitemaps/sitemaps-2020-10.xml"", ""https://tuoitre.vn/StaticSitemaps/sitemaps-2020-9.xml"", ""https://tuoitre.vn/StaticSitemaps/sitemaps-2020-8.xml"", ""https://tuoitre.vn/StaticSitemaps/sitemaps-2020-7.xml"", ""https://tuoitre.vn/StaticSitemaps/sitemaps-2020-6.xml"", ""https://tuoitre.vn/StaticSitemaps/sitemaps-2020-5.xml"", ""https://tuoitre.vn/StaticSitemaps/sitemaps-2020-4.xml"", ""https://tuoitre.vn/StaticSitemaps/sitemaps-2020-3.xml"", ""https://tuoitre.vn/StaticSitemaps/sitemaps-2020-2.xml"", ""https://tuoitre.vn/StaticSitemaps/sitemaps-2020-1.xml"", ""https://tuoitre.vn/StaticSitemaps/sitemaps-2019-12.xml"", ""https://tuoitre.vn/StaticSitemaps/sitemaps-2019-11.xml"", ""https://tuoitre.vn/StaticSitemaps/sitemaps-2019-10.xml"", ""https://tuoitre.vn/StaticSitemaps/sitemaps-2019-9.xml"", ""https://tuoitre.vn/StaticSitemaps/sitemaps-2019-8.xml"", ""https://tuoitre.vn/StaticSitemaps/sitemaps-2019-7.xml"", ""https://tuoitre.vn/StaticSitemaps/sitemaps-2019-6.xml"", ""https://tuoitre.vn/StaticSitemaps/sitemaps-2019-5.xml"", ""https://tuoitre.vn/StaticSitemaps/sitemaps-2019-4.xml"", ""https://tuoitre.vn/StaticSitemaps/sitemaps-2019-3.xml"", ""https://tuoitre.vn/StaticSitemaps/sitemaps-2019-2.xml"", ""https://tuoitre.vn/StaticSitemaps/sitemaps-2019-1.xml"", ""https://tuoitre.vn/StaticSitemaps/sitemaps-2018-12.xml"", ""https://tuoitre.vn/StaticSitemaps/sitemaps-2018-11.xml"", ""https://tuoitre.vn/StaticSitemaps/sitemaps-2018-10.xml"", ""https://tuoitre.vn/StaticSitemaps/sitemaps-2018-9.xml"", ""https://tuoitre.vn/StaticSitemaps/sitemaps-2018-8.xml"", ""https://tuoitre.vn/StaticSitemaps/sitemaps-2018-7.xml"", ""https://tuoitre.vn/StaticSitemaps/sitemaps-2018-6.xml"", ""https://tuoitre.vn/StaticSitemaps/sitemaps-2018-5.xml"", ""https://tuoitre.vn/StaticSitemaps/sitemaps-2018-4.xml"", ""https://tuoitre.vn/StaticSitemaps/sitemaps-2018-3.xml"", ""https://tuoitre.vn/StaticSitemaps/sitemaps-2018-2.xml"", ""https://tuoitre.vn/StaticSitemaps/sitemaps-2018-1.xml"", ""https://tuoitre.vn/StaticSitemaps/sitemaps-2017-12.xml"", ""https://tuoitre.vn/StaticSitemaps/sitemaps-2017-11.xml"", ""https://tuoitre.vn/StaticSitemaps/sitemaps-2017-10.xml"", ""https://tuoitre.vn/StaticSitemaps/sitemaps-2017-9.xml"", ""https://tuoitre.vn/StaticSitemaps/sitemaps-2017-8.xml"", ""https://tuoitre.vn/StaticSitemaps/sitemaps-2017-7.xml"", ""https://tuoitre.vn/StaticSitemaps/sitemaps-2017-6.xml"", ""https://tuoitre.vn/StaticSitemaps/sitemaps-2017-5.xml"", ""https://tuoitre.vn/StaticSitemaps/sitemaps-2017-4.xml"", ""https://tuoitre.vn/StaticSitemaps/sitemaps-2017-3.xml"", ""https://tuoitre.vn/StaticSitemaps/sitemaps-2017-2.xml"", ""https://tuoitre.vn/StaticSitemaps/sitemaps-2017-1.xml"", ""https://tuoitre.vn/StaticSitemaps/sitemaps-2016-12.xml"", ""https://tuoitre.vn/StaticSitemaps/sitemaps-2016-11.xml"", ""https://tuoitre.vn/StaticSitemaps/sitemaps-2016-10.xml""]",120,200,"Kinh doanh – tin kinh tế thị trường, tài chính và chứng khoán - Tuổi Trẻ Online",7140,285,True,1584,False,True,True,True,sitemap_then_article_extract,medium,active,,2026-06-15 20:15:43.027237
vietnamnet_vn,https://vietnamnet.vn/kinh-doanh,https://vietnamnet.vn/kinh-doanh,vietnamnet.vn,https,https://vietnamnet.vn/kinh-doanh,https://vietnamnet.vn/robots.txt,True,"[""https://vietnamnet.vn/sitemap.xml"", ""https://vietnamnet.vn/sitemap-categories.xml"", ""https://vietnamnet.vn/sitemap-news.xml"", ""https://vietnamnet.vn/sitemap-image.xml"", ""https://vietnamnet.vn/sitemap-video.xml""]",True,True,False,,,True,"[""https://vietnamnet.vn/kinh-doanh.rss""]",1,True,"[""https://vietnamnet.vn/sitemap.xml"", ""https://vietnamnet.vn/sitemap-categories.xml"", ""https://vietnamnet.vn/sitemap-news.xml"", ""https://vietnamnet.vn/sitemap-image.xml"", ""https://vietnamnet.vn/sitemap-video.xml"", ""https://vietnamnet.vn/sitemap-article-06-2026-01.xml"", ""https://vietnamnet.vn/sitemap-article-06-2026-02.xml"", ""https://vietnamnet.vn/sitemap-article-06-2026-03.xml"", ""https://vietnamnet.vn/sitemap-article-05-2026-01.xml"", ""https://vietnamnet.vn/sitemap-article-05-2026-02.xml"", ""https://vietnamnet.vn/sitemap-article-05-2026-03.xml"", ""https://vietnamnet.vn/sitemap-article-05-2026-04.xml"", ""https://vietnamnet.vn/sitemap-article-05-2026-05.xml"", ""https://vietnamnet.vn/sitemap-article-05-2026-06.xml"", ""https://vietnamnet.vn/sitemap-article-05-2026-07.xml"", ""https://vietnamnet.vn/sitemap-article-04-2026-01.xml"", ""https://vietnamnet.vn/sitemap-article-04-2026-02.xml"", ""https://vietnamnet.vn/sitemap-article-04-2026-03.xml"", ""https://vietnamnet.vn/sitemap-article-04-2026-04.xml"", ""https://vietnamnet.vn/sitemap-article-04-2026-05.xml"", ""https://vietnamnet.vn/sitemap-article-04-2026-06.xml"", ""https://vietnamnet.vn/sitemap-article-03-2026-01.xml"", ""https://vietnamnet.vn/sitemap-article-03-2026-02.xml"", ""https://vietnamnet.vn/sitemap-article-03-2026-03.xml"", ""https://vietnamnet.vn/sitemap-article-03-2026-04.xml"", ""https://vietnamnet.vn/sitemap-article-03-2026-05.xml"", ""https://vietnamnet.vn/sitemap-article-03-2026-06.xml"", ""https://vietnamnet.vn/sitemap-article-02-2026-01.xml"", ""https://vietnamnet.vn/sitemap-article-02-2026-02.xml"", ""https://vietnamnet.vn/sitemap-article-02-2026-03.xml"", ""https://vietnamnet.vn/sitemap-article-02-2026-04.xml"", ""https://vietnamnet.vn/sitemap-article-02-2026-05.xml"", ""https://vietnamnet.vn/sitemap-article-01-2026-01.xml"", ""https://vietnamnet.vn/sitemap-article-01-2026-02.xml"", ""https://vietnamnet.vn/sitemap-article-01-2026-03.xml"", ""https://vietnamnet.vn/sitemap-article-01-2026-04.xml"", ""https://vietnamnet.vn/sitemap-article-01-2026-05.xml"", ""https://vietnamnet.vn/sitemap-article-01-2026-06.xml"", ""https://vietnamnet.vn/sitemap-article-12-2025-01.xml"", ""https://vietnamnet.vn/sitemap-article-12-2025-02.xml"", ""https://vietnamnet.vn/sitemap-article-12-2025-03.xml"", ""https://vietnamnet.vn/sitemap-article-12-2025-04.xml"", ""https://vietnamnet.vn/sitemap-article-12-2025-05.xml"", ""https://vietnamnet.vn/sitemap-article-12-2025-06.xml"", ""https://vietnamnet.vn/sitemap-article-12-2025-07.xml"", ""https://vietnamnet.vn/sitemap-article-11-2025-01.xml"", ""https://vietnamnet.vn/sitemap-article-11-2025-02.xml"", ""https://vietnamnet.vn/sitemap-article-11-2025-03.xml"", ""https://vietnamnet.vn/sitemap-article-11-2025-04.xml"", ""https://vietnamnet.vn/sitemap-article-11-2025-05.xml"", ""https://vietnamnet.vn/sitemap-article-11-2025-06.xml"", ""https://vietnamnet.vn/sitemap-article-10-2025-01.xml"", ""https://vietnamnet.vn/sitemap-article-10-2025-02.xml"", ""https://vietnamnet.vn/sitemap-article-10-2025-03.xml"", ""https://vietnamnet.vn/sitemap-article-10-2025-04.xml"", ""https://vietnamnet.vn/sitemap-article-10-2025-05.xml"", ""https://vietnamnet.vn/sitemap-article-10-2025-06.xml"", ""https://vietnamnet.vn/sitemap-article-10-2025-07.xml"", ""https://vietnamnet.vn/sitemap-article-09-2025-01.xml"", ""https://vietnamnet.vn/sitemap-article-09-2025-02.xml"", ""https://vietnamnet.vn/sitemap-article-09-2025-03.xml"", ""https://vietnamnet.vn/sitemap-article-09-2025-04.xml"", ""https://vietnamnet.vn/sitemap-article-09-2025-05.xml"", ""https://vietnamnet.vn/sitemap-article-09-2025-06.xml"", ""https://vietnamnet.vn/sitemap-article-09-2025-07.xml"", ""https://vietnamnet.vn/sitemap-article-08-2025-01.xml"", ""https://vietnamnet.vn/sitemap-article-08-2025-02.xml"", ""https://vietnamnet.vn/sitemap-article-08-2025-03.xml"", ""https://vietnamnet.vn/sitemap-article-08-2025-04.xml"", ""https://vietnamnet.vn/sitemap-article-08-2025-05.xml"", ""https://vietnamnet.vn/sitemap-article-08-2025-06.xml"", ""https://vietnamnet.vn/sitemap-article-08-2025-07.xml"", ""https://vietnamnet.vn/sitemap-article-07-2025-01.xml"", ""https://vietnamnet.vn/sitemap-article-07-2025-02.xml"", ""https://vietnamnet.vn/sitemap-article-07-2025-03.xml"", ""https://vietnamnet.vn/sitemap-article-07-2025-04.xml"", ""https://vietnamnet.vn/sitemap-article-07-2025-05.xml"", ""https://vietnamnet.vn/sitemap-article-07-2025-06.xml"", ""https://vietnamnet.vn/sitemap-article-07-2025-07.xml"", ""https://vietnamnet.vn/sitemap-article-06-2025-01.xml"", ""https://vietnamnet.vn/sitemap-article-06-2025-02.xml"", ""https://vietnamnet.vn/sitemap-article-06-2025-03.xml"", ""https://vietnamnet.vn/sitemap-article-06-2025-04.xml"", ""https://vietnamnet.vn/sitemap-article-06-2025-05.xml"", ""https://vietnamnet.vn/sitemap-article-06-2025-06.xml"", ""https://vietnamnet.vn/sitemap-article-06-2025-07.xml"", ""https://vietnamnet.vn/sitemap-article-05-2025-01.xml"", ""https://vietnamnet.vn/sitemap-article-05-2025-02.xml"", ""https://vietnamnet.vn/sitemap-article-05-2025-03.xml"", ""https://vietnamnet.vn/sitemap-article-05-2025-04.xml"", ""https://vietnamnet.vn/sitemap-article-05-2025-05.xml"", ""https://vietnamnet.vn/sitemap-article-05-2025-06.xml"", ""https://vietnamnet.vn/sitemap-article-05-2025-07.xml"", ""https://vietnamnet.vn/sitemap-article-04-2025-01.xml"", ""https://vietnamnet.vn/sitemap-article-04-2025-02.xml"", ""https://vietnamnet.vn/sitemap-article-04-2025-03.xml"", ""https://vietnamnet.vn/sitemap-article-04-2025-04.xml"", ""https://vietnamnet.vn/sitemap-article-04-2025-05.xml"", ""https://vietnamnet.vn/sitemap-article-04-2025-06.xml"", ""https://vietnamnet.vn/sitemap-article-04-2025-07.xml"", ""https://vietnamnet.vn/sitemap-article-03-2025-01.xml"", ""https://vietnamnet.vn/sitemap-article-03-2025-02.xml"", ""https://vietnamnet.vn/sitemap-article-03-2025-03.xml"", ""https://vietnamnet.vn/sitemap-article-03-2025-04.xml"", ""https://vietnamnet.vn/sitemap-article-03-2025-05.xml"", ""https://vietnamnet.vn/sitemap-article-03-2025-06.xml"", ""https://vietnamnet.vn/sitemap-article-02-2025-01.xml"", ""https://vietnamnet.vn/sitemap-article-02-2025-02.xml"", ""https://vietnamnet.vn/sitemap-article-02-2025-03.xml"", ""https://vietnamnet.vn/sitemap-article-02-2025-04.xml"", ""https://vietnamnet.vn/sitemap-article-02-2025-05.xml"", ""https://vietnamnet.vn/sitemap-article-02-2025-06.xml"", ""https://vietnamnet.vn/sitemap-article-01-2025-01.xml"", ""https://vietnamnet.vn/sitemap-article-01-2025-02.xml"", ""https://vietnamnet.vn/sitemap-article-01-2025-03.xml"", ""https://vietnamnet.vn/sitemap-article-01-2025-04.xml"", ""https://vietnamnet.vn/sitemap-article-01-2025-05.xml"", ""https://vietnamnet.vn/sitemap-article-01-2025-06.xml"", ""https://vietnamnet.vn/sitemap-article-12-2024-01.xml"", ""https://vietnamnet.vn/sitemap-article-12-2024-02.xml""]",120,200,"Tin Kinh doanh - Kinh tế thị trường, tài chính, mới nhất",11824,354,True,1054,False,True,False,False,rss_then_article_extract,medium,active,,2026-06-15 20:15:43.028005
vneconomy_vn,https://vneconomy.vn,https://vneconomy.vn/,vneconomy.vn,https,https://vneconomy.vn/,https://vneconomy.vn/robots.txt,True,"[""https://vneconomy.vn/sitemap.xml"", ""https://vneconomy.vn/sitemap/google-news.xml""]",False,True,False,,,False,[],0,True,"[""https://vneconomy.vn/sitemap.xml"", ""https://vneconomy.vn/sitemap/categories.xml"", ""https://vneconomy.vn/sitemap/latest-news.xml"", ""https://vneconomy.vn/sitemap/google-news.xml"", ""https://vneconomy.vn/sitemap/news-2026-6.xml"", ""https://vneconomy.vn/sitemap/news-2026-5.xml"", ""https://vneconomy.vn/sitemap/news-2026-4.xml"", ""https://vneconomy.vn/sitemap/news-2026-3.xml"", ""https://vneconomy.vn/sitemap/news-2026-2.xml"", ""https://vneconomy.vn/sitemap/news-2026-1.xml"", ""https://vneconomy.vn/sitemap/news-2025-12.xml"", ""https://vneconomy.vn/sitemap/news-2025-11.xml"", ""https://vneconomy.vn/sitemap/news-2025-10.xml"", ""https://vneconomy.vn/sitemap/news-2025-9.xml"", ""https://vneconomy.vn/sitemap/news-2025-8.xml"", ""https://vneconomy.vn/sitemap/news-2025-7.xml"", ""https://vneconomy.vn/sitemap/news-2025-6.xml"", ""https://vneconomy.vn/sitemap/news-2025-5.xml"", ""https://vneconomy.vn/sitemap/news-2025-4.xml"", ""https://vneconomy.vn/sitemap/news-2025-3.xml"", ""https://vneconomy.vn/sitemap/news-2025-2.xml"", ""https://vneconomy.vn/sitemap/news-2025-1.xml"", ""https://vneconomy.vn/sitemap/news-2024-12.xml"", ""https://vneconomy.vn/sitemap/news-2024-11.xml"", ""https://vneconomy.vn/sitemap/news-2024-10.xml"", ""https://vneconomy.vn/sitemap/news-2024-9.xml"", ""https://vneconomy.vn/sitemap/news-2024-8.xml"", ""https://vneconomy.vn/sitemap/news-2024-7.xml"", ""https://vneconomy.vn/sitemap/news-2024-6.xml"", ""https://vneconomy.vn/sitemap/news-2024-5.xml"", ""https://vneconomy.vn/sitemap/news-2024-4.xml"", ""https://vneconomy.vn/sitemap/news-2024-3.xml"", ""https://vneconomy.vn/sitemap/news-2024-2.xml"", ""https://vneconomy.vn/sitemap/news-2024-1.xml"", ""https://vneconomy.vn/sitemap/news-2023-12.xml"", ""https://vneconomy.vn/sitemap/news-2023-11.xml"", ""https://vneconomy.vn/sitemap/news-2023-10.xml"", ""https://vneconomy.vn/sitemap/news-2023-9.xml"", ""https://vneconomy.vn/sitemap/news-2023-8.xml"", ""https://vneconomy.vn/sitemap/news-2023-7.xml"", ""https://vneconomy.vn/sitemap/news-2023-6.xml"", ""https://vneconomy.vn/sitemap/news-2023-5.xml"", ""https://vneconomy.vn/sitemap/news-2023-4.xml"", ""https://vneconomy.vn/sitemap/news-2023-3.xml"", ""https://vneconomy.vn/sitemap/news-2023-2.xml"", ""https://vneconomy.vn/sitemap/news-2023-1.xml"", ""https://vneconomy.vn/sitemap/news-2022-12.xml"", ""https://vneconomy.vn/sitemap/news-2022-11.xml"", ""https://vneconomy.vn/sitemap/news-2022-10.xml"", ""https://vneconomy.vn/sitemap/news-2022-9.xml"", ""https://vneconomy.vn/sitemap/news-2022-8.xml"", ""https://vneconomy.vn/sitemap/news-2022-7.xml"", ""https://vneconomy.vn/sitemap/news-2022-6.xml"", ""https://vneconomy.vn/sitemap/news-2022-5.xml"", ""https://vneconomy.vn/sitemap/news-2022-4.xml"", ""https://vneconomy.vn/sitemap/news-2022-3.xml"", ""https://vneconomy.vn/sitemap/news-2022-2.xml"", ""https://vneconomy.vn/sitemap/news-2022-1.xml"", ""https://vneconomy.vn/sitemap/news-2021-12.xml"", ""https://vneconomy.vn/sitemap/news-2021-11.xml"", ""https://vneconomy.vn/sitemap/news-2021-10.xml"", ""https://vneconomy.vn/sitemap/news-2021-9.xml"", ""https://vneconomy.vn/sitemap/news-2021-8.xml"", ""https://vneconomy.vn/sitemap/news-2021-7.xml"", ""https://vneconomy.vn/sitemap/news-2021-6.xml"", ""https://vneconomy.vn/sitemap/news-2021-5.xml"", ""https://vneconomy.vn/sitemap/news-2021-4.xml"", ""https://vneconomy.vn/sitemap/news-2021-3.xml"", ""https://vneconomy.vn/sitemap/news-2021-2.xml"", ""https://vneconomy.vn/sitemap/news-2021-1.xml"", ""https://vneconomy.vn/sitemap/news-2020-12.xml"", ""https://vneconomy.vn/sitemap/news-2020-11.xml"", ""https://vneconomy.vn/sitemap/news-2020-10.xml"", ""https://vneconomy.vn/sitemap/news-2020-5.xml"", ""https://vneconomy.vn/sitemap/news-2020-1.xml"", ""https://vneconomy.vn/sitemap/news-2019-12.xml"", ""https://vneconomy.vn/sitemap/news-2019-11.xml"", ""https://vneconomy.vn/sitemap/news-2019-10.xml"", ""https://vneconomy.vn/sitemap/news-2019-9.xml"", ""https://vneconomy.vn/sitemap/news-2019-8.xml"", ""https://vneconomy.vn/sitemap/news-2019-7.xml"", ""https://vneconomy.vn/sitemap/news-2019-6.xml"", ""https://vneconomy.vn/sitemap/news-2019-5.xml"", ""https://vneconomy.vn/sitemap/news-2019-4.xml"", ""https://vneconomy.vn/sitemap/news-2019-3.xml"", ""https://vneconomy.vn/sitemap/news-2019-2.xml"", ""https://vneconomy.vn/sitemap/news-2019-1.xml"", ""https://vneconomy.vn/sitemap/news-2018-12.xml"", ""https://vneconomy.vn/sitemap/news-2018-11.xml"", ""https://vneconomy.vn/sitemap/news-2018-10.xml"", ""https://vneconomy.vn/sitemap/news-2018-9.xml"", ""https://vneconomy.vn/sitemap/news-2018-8.xml"", ""https://vneconomy.vn/sitemap/news-2018-7.xml"", ""https://vneconomy.vn/sitemap/news-2018-6.xml"", ""https://vneconomy.vn/sitemap/news-2018-5.xml"", ""https://vneconomy.vn/sitemap/news-2018-4.xml"", ""https://vneconomy.vn/sitemap/news-2018-3.xml"", ""https://vneconomy.vn/sitemap/news-2018-2.xml"", ""https://vneconomy.vn/sitemap/news-2018-1.xml"", ""https://vneconomy.vn/sitemap/news-2017-12.xml"", ""https://vneconomy.vn/sitemap/news-2017-11.xml"", ""https://vneconomy.vn/sitemap/news-2017-10.xml"", ""https://vneconomy.vn/sitemap/news-2017-9.xml"", ""https://vneconomy.vn/sitemap/news-2017-8.xml"", ""https://vneconomy.vn/sitemap/news-2017-7.xml"", ""https://vneconomy.vn/sitemap/news-2017-6.xml"", ""https://vneconomy.vn/sitemap/news-2017-5.xml"", ""https://vneconomy.vn/sitemap/news-2017-4.xml"", ""https://vneconomy.vn/sitemap/news-2017-3.xml"", ""https://vneconomy.vn/sitemap/news-2017-2.xml"", ""https://vneconomy.vn/sitemap/news-2017-1.xml"", ""https://vneconomy.vn/sitemap/news-2016-12.xml"", ""https://vneconomy.vn/sitemap/news-2016-11.xml"", ""https://vneconomy.vn/sitemap/news-2016-10.xml"", ""https://vneconomy.vn/sitemap/news-2016-9.xml"", ""https://vneconomy.vn/sitemap/news-2016-8.xml"", ""https://vneconomy.vn/sitemap/news-2016-7.xml"", ""https://vneconomy.vn/sitemap/news-2016-6.xml"", ""https://vneconomy.vn/sitemap/news-2016-5.xml"", ""https://vneconomy.vn/sitemap/news-2016-4.xml""]",120,200,Nhịp sống kinh tế Việt Nam & Thế giới - VnEconomy,16643,362,True,507,False,True,False,True,sitemap_then_article_extract,medium,active,,2026-06-15 20:15:43.032389
vnexpress_net,https://vnexpress.net/kinh-doanh,https://vnexpress.net/kinh-doanh,vnexpress.net,https,https://vnexpress.net/kinh-doanh,https://vnexpress.net/robots.txt,True,"[""https://vnexpress.net/sitemap.xml"", ""https://vnexpress.net/google-news-sitemap.xml""]",True,True,False,,,False,[],0,True,"[""https://vnexpress.net/sitemap.xml"", ""https://vnexpress.net/categories-sitemap.xml"", ""https://vnexpress.net/google-news-sitemap.xml"", ""https://vnexpress.net/latestnews-sitemap.xml"", ""https://vnexpress.net/articles-2026-sitemap.xml"", ""https://vnexpress.net/articles-2025-sitemap.xml"", ""https://vnexpress.net/articles-2024-sitemap.xml"", ""https://vnexpress.net/articles-2023-sitemap.xml"", ""https://vnexpress.net/articles-2022-sitemap.xml"", ""https://vnexpress.net/articles-2021-sitemap.xml"", ""https://vnexpress.net/articles-2020-sitemap.xml"", ""https://vnexpress.net/articles-2019-sitemap.xml"", ""https://vnexpress.net/articles-2018-sitemap.xml"", ""https://vnexpress.net/articles-2017-sitemap.xml"", ""https://vnexpress.net/articles-2016-sitemap.xml"", ""https://vnexpress.net/articles-2015-sitemap.xml"", ""https://vnexpress.net/articles-2014-sitemap.xml"", ""https://vnexpress.net/articles-2013-sitemap.xml"", ""https://vnexpress.net/articles-2012-sitemap.xml"", ""https://vnexpress.net/articles-2011-sitemap.xml"", ""https://vnexpress.net/articles-2010-sitemap.xml"", ""https://vnexpress.net/articles-2009-sitemap.xml"", ""https://vnexpress.net/articles-2008-sitemap.xml"", ""https://vnexpress.net/articles-2007-sitemap.xml"", ""https://vnexpress.net/articles-2006-sitemap.xml"", ""https://vnexpress.net/articles-2005-sitemap.xml"", ""https://vnexpress.net/articles-2004-sitemap.xml"", ""https://vnexpress.net/articles-2003-sitemap.xml"", ""https://vnexpress.net/articles-2002-sitemap.xml"", ""https://vnexpress.net/articles-2001-sitemap.xml"", ""https://vnexpress.net/videos-sitemap.xml"", ""https://vnexpress.net/images-2026-sitemap.xml"", ""https://vnexpress.net/images-2025-sitemap.xml"", ""https://vnexpress.net/images-2024-sitemap.xml"", ""https://vnexpress.net/images-2023-sitemap.xml"", ""https://vnexpress.net/images-2022-sitemap.xml"", ""https://vnexpress.net/images-2021-sitemap.xml"", ""https://vnexpress.net/images-2020-sitemap.xml"", ""https://vnexpress.net/images-2019-sitemap.xml"", ""https://vnexpress.net/images-2018-sitemap.xml"", ""https://vnexpress.net/images-2017-sitemap.xml"", ""https://vnexpress.net/images-2016-sitemap.xml"", ""https://vnexpress.net/images-2015-sitemap.xml"", ""https://vnexpress.net/images-2014-sitemap.xml"", ""https://vnexpress.net/images-2013-sitemap.xml"", ""https://vnexpress.net/images-2012-sitemap.xml"", ""https://vnexpress.net/images-2011-sitemap.xml"", ""https://vnexpress.net/images-2010-sitemap.xml"", ""https://vnexpress.net/images-2009-sitemap.xml"", ""https://vnexpress.net/images-2008-sitemap.xml"", ""https://vnexpress.net/images-2007-sitemap.xml"", ""https://vnexpress.net/images-2006-sitemap.xml"", ""https://vnexpress.net/images-2005-sitemap.xml"", ""https://vnexpress.net/images-2004-sitemap.xml"", ""https://vnexpress.net/images-2003-sitemap.xml"", ""https://vnexpress.net/images-2002-sitemap.xml"", ""https://vnexpress.net/images-2001-sitemap.xml"", ""https://vnexpress.net/tags-sitemap.xml"", ""https://vnexpress.net/tags-business-sitemap.xml"", ""https://vnexpress.net/tags-person-sitemap.xml"", ""https://vnexpress.net/tags-organization-sitemap.xml"", ""https://vnexpress.net/tags-subject-sitemap.xml"", ""https://vnexpress.net/tags-geography-sitemap.xml"", ""https://vnexpress.net/topics-sitemap.xml"", ""https://vnexpress.net/hubxe-sitemap.xml"", ""https://vnexpress.net/lives-sitemap.xml"", ""https://vnexpress.net/football-leagues-sitemap.xml"", ""https://vnexpress.net/football-2020-2021-fixtures-sitemap.xml"", ""https://vnexpress.net/movies-sitemap.xml"", ""https://vnexpress.net/cacbenh-sitemap.xml""]",70,200,"Tin kinh doanh: Thị trường, tài chính, kinh tế, doanh nghiệp - VnExpress Kinh Doanh",9829,246,True,3604,False,True,True,False,sitemap_then_article_extract,medium,active,,2026-06-15 20:15:43.026050
wired_com,https://www.wired.com,https://www.wired.com/,wired.com,https,https://www.wired.com/,https://www.wired.com/robots.txt,True,"[""https://www.wired.com/sitemap.xml"", ""https://www.wired.com/tagpages-sitemap.xml"", ""https://www.wired.com/contributors-sitemap.xml"", ""https://www.wired.com/bundles-sitemap.xml"", ""https://www.wired.com/branded-sitemap.xml"", ""https://www.wired.com/feed/google-latest-news/sitemap-google-news"", ""https://www.wired.com/feed/rss""]",True,True,False,,,True,"[""https://www.wired.com/feed/rss""]",1,True,"[""https://www.wired.com/sitemap.xml"", ""https://www.wired.com/sitemap-2026-06.xml"", ""https://www.wired.com/sitemap-2026-05.xml"", ""https://www.wired.com/sitemap-2026-04.xml"", ""https://www.wired.com/sitemap-2026-03.xml"", ""https://www.wired.com/sitemap-2026-02.xml"", ""https://www.wired.com/sitemap-2026-01.xml"", ""https://www.wired.com/sitemap-2025-12.xml"", ""https://www.wired.com/sitemap-2025-11.xml"", ""https://www.wired.com/sitemap-2025-10.xml"", ""https://www.wired.com/sitemap-2025-09.xml"", ""https://www.wired.com/sitemap-2025-08.xml"", ""https://www.wired.com/sitemap-2025-07.xml"", ""https://www.wired.com/sitemap-2025-06.xml"", ""https://www.wired.com/sitemap-2025-05.xml"", ""https://www.wired.com/sitemap-2025-04.xml"", ""https://www.wired.com/sitemap-2025-03.xml"", ""https://www.wired.com/sitemap-2025-02.xml"", ""https://www.wired.com/sitemap-2025-01.xml"", ""https://www.wired.com/sitemap-2024-12.xml"", ""https://www.wired.com/sitemap-2024-11.xml"", ""https://www.wired.com/sitemap-2024-10.xml"", ""https://www.wired.com/sitemap-2024-09.xml"", ""https://www.wired.com/sitemap-2024-08.xml"", ""https://www.wired.com/sitemap-2024-07.xml"", ""https://www.wired.com/sitemap-2024-06.xml"", ""https://www.wired.com/sitemap-2024-05.xml"", ""https://www.wired.com/sitemap-2024-04.xml"", ""https://www.wired.com/sitemap-2024-03.xml"", ""https://www.wired.com/sitemap-2024-02.xml"", ""https://www.wired.com/sitemap-2024-01.xml"", ""https://www.wired.com/sitemap-2023-12.xml"", ""https://www.wired.com/sitemap-2023-11.xml"", ""https://www.wired.com/sitemap-2023-10.xml"", ""https://www.wired.com/sitemap-2023-09.xml"", ""https://www.wired.com/sitemap-2023-08.xml"", ""https://www.wired.com/sitemap-2023-07.xml"", ""https://www.wired.com/sitemap-2023-06.xml"", ""https://www.wired.com/sitemap-2023-05.xml"", ""https://www.wired.com/sitemap-2023-04.xml"", ""https://www.wired.com/sitemap-2023-03.xml"", ""https://www.wired.com/sitemap-2023-02.xml"", ""https://www.wired.com/sitemap-2023-01.xml"", ""https://www.wired.com/sitemap-2022-12.xml"", ""https://www.wired.com/sitemap-2022-11.xml"", ""https://www.wired.com/sitemap-2022-10.xml"", ""https://www.wired.com/sitemap-2022-09.xml"", ""https://www.wired.com/sitemap-2022-08.xml"", ""https://www.wired.com/sitemap-2022-07.xml"", ""https://www.wired.com/sitemap-2022-06.xml"", ""https://www.wired.com/sitemap-2022-05.xml"", ""https://www.wired.com/sitemap-2022-04.xml"", ""https://www.wired.com/sitemap-2022-03.xml"", ""https://www.wired.com/sitemap-2022-02.xml"", ""https://www.wired.com/sitemap-2022-01.xml"", ""https://www.wired.com/sitemap-2021-12.xml"", ""https://www.wired.com/sitemap-2021-11.xml"", ""https://www.wired.com/sitemap-2021-10.xml"", ""https://www.wired.com/sitemap-2021-09.xml"", ""https://www.wired.com/sitemap-2021-08.xml"", ""https://www.wired.com/sitemap-2021-07.xml"", ""https://www.wired.com/tagpages-sitemap.xml"", ""https://www.wired.com/contributors-sitemap.xml"", ""https://www.wired.com/bundles-sitemap.xml"", ""https://www.wired.com/branded-sitemap.xml"", ""https://www.wired.com/feed/google-latest-news/sitemap-google-news""]",66,200,"WIRED - The Latest in Technology, Science, Culture and Business | WIRED",13392,174,True,1054,True,True,True,True,rss_then_article_extract,medium,active,,2026-06-15 20:15:43.037609
worldbank_org,https://www.worldbank.org/ext/en/country/vietnam,https://www.worldbank.org/ext/en/country/vietnam,worldbank.org,https,https://www.worldbank.org/ext/en/country/vietnam,https://www.worldbank.org/robots.txt,True,"[""https://www.worldbank.org/sitemap.xml""]",True,True,False,,,False,[],0,True,"[""https://www.worldbank.org/sitemap.xml"", ""https://www.worldbank.org/content/vdam/sitemap/www-worldbank-org-Subnational/sitemap-www-worldbank-org-country-api-1.xml"", ""https://www.worldbank.org/content/vdam/sitemap/www-worldbank-org-Subnational/sitemap-www-worldbank-org-others-api-1.xml"", ""https://www.worldbank.org/content/vdam/sitemap/www-worldbank-org-bready/sitemap-www-worldbank-org-others-api-1.xml"", ""https://www.worldbank.org/content/vdam/sitemap/www-worldbank-org/sitemap-www-worldbank-org-1.xml"", ""https://www.worldbank.org/content/vdam/sitemap/www-worldbank-org/sitemap-www-worldbank-org-2.xml"", ""https://www.worldbank.org/content/vdam/sitemap/www-worldbank-org/sitemap-www-worldbank-org-3.xml"", ""https://www.worldbank.org/content/vdam/sitemap/www-worldbank-org/sitemap-www-worldbank-org-4.xml"", ""https://www.worldbank.org/content/vdam/sitemap/www-worldbank-org/sitemap-www-worldbank-org-5.xml"", ""https://www.worldbank.org/content/vdam/sitemap/www-worldbank-org/sitemap-www-worldbank-org-6.xml"", ""https://www.worldbank.org/content/vdam/sitemap/www-worldbank-org/sitemap-www-worldbank-org-7.xml"", ""https://www.worldbank.org/content/vdam/sitemap/www-worldbank-org/sitemap-www-worldbank-org-8.xml"", ""https://www.worldbank.org/content/vdam/sitemap/www-worldbank-org/sitemap-www-worldbank-org-9.xml"", ""https://www.worldbank.org/content/vdam/sitemap/www-worldbank-org/sitemap-www-worldbank-org-10.xml"", ""https://www.worldbank.org/content/vdam/sitemap/www-worldbank-org/sitemap-www-worldbank-org-11.xml"", ""https://www.worldbank.org/content/vdam/sitemap/www-worldbank-org/sitemap-www-worldbank-org-12.xml"", ""https://www.worldbank.org/content/vdam/sitemap/www-worldbank-org/sitemap-www-worldbank-org-13.xml"", ""https://www.worldbank.org/content/vdam/sitemap/www-worldbank-org/sitemap-www-worldbank-org-14.xml"", ""https://www.worldbank.org/content/vdam/sitemap/www-worldbank-org/sitemap-www-worldbank-org-15.xml"", ""https://www.worldbank.org/content/vdam/sitemap/www-worldbank-org/sitemap-www-worldbank-org-16.xml"", ""https://www.worldbank.org/content/vdam/sitemap/www-worldbank-org/sitemap-www-worldbank-org-17.xml"", ""https://www.worldbank.org/content/vdam/sitemap/www-worldbank-org/sitemap-www-worldbank-org-18.xml"", ""https://www.worldbank.org/content/vdam/sitemap/www-worldbank-org/sitemap-www-worldbank-org-19.xml"", ""https://www.worldbank.org/content/vdam/sitemap/www-worldbank-org/sitemap-www-worldbank-org-20.xml"", ""https://www.worldbank.org/content/vdam/sitemap/www-worldbank-org/sitemap-www-worldbank-org-21.xml"", ""https://www.worldbank.org/content/vdam/sitemap/www-worldbank-org/sitemap-www-worldbank-org-22.xml"", ""https://www.worldbank.org/content/vdam/sitemap/www-worldbank-org/sitemap-www-worldbank-org-23.xml"", ""https://www.worldbank.org/content/vdam/sitemap/www-worldbank-org/sitemap-www-worldbank-org-24.xml"", ""https://www.worldbank.org/content/vdam/sitemap/www-worldbank-org/sitemap-www-worldbank-org-25.xml"", ""https://www.worldbank.org/content/vdam/sitemap/www-worldbank-org/sitemap-www-worldbank-org-26.xml"", ""https://www.worldbank.org/content/vdam/sitemap/www-worldbank-org/sitemap-www-worldbank-org-27.xml"", ""https://www.worldbank.org/content/vdam/sitemap/www-worldbank-org/sitemap-www-worldbank-org-28.xml"", ""https://www.worldbank.org/content/vdam/sitemap/www-worldbank-org/sitemap-www-worldbank-org-29.xml"", ""https://www.worldbank.org/content/vdam/sitemap/www-worldbank-org/sitemap-www-worldbank-org-30.xml"", ""https://www.worldbank.org/content/vdam/sitemap/www-worldbank-org/sitemap-www-worldbank-org-31.xml"", ""https://www.worldbank.org/content/vdam/sitemap/www-worldbank-org/sitemap-www-worldbank-org-32.xml"", ""https://www.worldbank.org/content/vdam/sitemap/www-worldbank-org/sitemap-www-worldbank-org-33.xml"", ""https://www.worldbank.org/content/vdam/sitemap/www-worldbank-org/sitemap-www-worldbank-org-34.xml"", ""https://www.worldbank.org/content/vdam/sitemap/www-worldbank-org/sitemap-www-worldbank-org-35.xml"", ""https://www.worldbank.org/content/vdam/sitemap/www-worldbank-org/sitemap-www-worldbank-org-36.xml"", ""https://www.worldbank.org/content/vdam/sitemap/www-worldbank-org/sitemap-www-worldbank-org-37.xml"", ""https://www.worldbank.org/content/vdam/sitemap/www-worldbank-org/sitemap-www-worldbank-org-38.xml"", ""https://www.worldbank.org/content/vdam/sitemap/www-worldbank-org/sitemap-www-worldbank-org-39.xml"", ""https://www.worldbank.org/content/vdam/sitemap/www-worldbank-org/sitemap-www-worldbank-org-40.xml"", ""https://www.worldbank.org/content/vdam/sitemap/www-worldbank-org/sitemap-www-worldbank-org-41.xml"", ""https://www.worldbank.org/content/vdam/sitemap/www-worldbank-org/sitemap-www-worldbank-org-42.xml"", ""https://www.worldbank.org/content/vdam/sitemap/www-worldbank-org/sitemap-www-worldbank-org-43.xml"", ""https://www.worldbank.org/content/vdam/sitemap/www-worldbank-org/sitemap-www-worldbank-org-44.xml"", ""https://www.worldbank.org/content/vdam/sitemap/www-worldbank-org/sitemap-www-worldbank-org-45.xml""]",49,200,Viet Nam | World Bank Group,14106,39,True,4920,False,True,False,False,sitemap_then_article_extract,medium,active,,2026-06-15 20:15:43.033565
